episode,epsilon,reward,steps,success,normal_moves,wall_collisions,penalty_visits,closed_door_attempts,door_passes,periodic_gate_closed,periodic_gate_passes,key_collected,goal_reached_count,step_limit_reached_count,terminated,truncated
1,1.0,-964.0000000000003,423,0,317,84,15,0,1,2,3,1,0,1,0,1
2,0.9940264484836504,-1034.1799999999982,423,0,321,70,19,8,0,1,4,0,0,1,0,1
3,0.9880885802850193,-905.240000000001,423,0,339,48,15,10,4,1,5,1,0,1,0,1
4,0.9821861822479699,-982.930000000001,423,0,311,93,10,2,0,2,4,1,0,1,0,1
5,0.9763190424896651,-896.6299999999986,423,0,335,75,7,0,0,3,3,0,0,1,0,1
6,0.9704869503929598,-828.9700000000018,423,0,348,72,3,0,0,0,0,0,0,1,0,1
7,0.9646896965988425,-876.8099999999997,423,0,335,82,2,0,0,3,1,0,0,1,0,1
8,0.9589270729989177,-880.0500000000011,423,0,340,77,6,0,0,0,0,0,0,1,0,1
9,0.9531988727279364,-979.6700000000011,423,0,314,83,17,0,4,0,4,1,0,1,0,1
10,0.9475048901563696,-947.5799999999999,423,0,322,67,19,0,0,3,11,1,0,1,0,1
11,0.9418449208830274,-973.3300000000015,423,0,324,78,16,1,0,0,3,1,0,1,0,1
12,0.9362187617277204,-864.4300000000011,423,0,333,75,7,0,0,2,5,1,0,1,0,1
13,0.9306262107239669,-984.6399999999986,423,0,318,87,10,0,0,3,5,0,0,1,0,1
14,0.925067067111742,-873.2400000000019,423,0,326,83,4,0,2,1,6,1,0,1,0,1
15,0.9195411313302716,-884.0199999999975,423,0,334,77,11,0,0,0,0,1,0,1,0,1
16,0.9140482050108678,-1025.1200000000013,423,0,312,75,23,1,0,5,6,1,0,1,0,1
17,0.9085880909698085,-1121.5200000000034,423,0,292,103,23,0,0,2,2,1,0,1,0,1
18,0.9031605932012586,-825.4700000000003,423,0,343,68,7,0,0,0,4,1,0,1,0,1
19,0.8977655168702341,-1013.3300000000027,423,0,312,86,20,0,1,0,3,1,0,1,0,1
20,0.8924026683056075,-882.1899999999966,423,0,335,74,11,0,0,1,1,1,0,1,0,1
21,0.8870718549931561,-997.6700000000022,423,0,314,86,17,0,0,2,3,1,0,1,0,1
22,0.8817728855686507,-866.1800000000029,423,0,335,70,9,1,0,1,6,1,0,1,0,1
23,0.8765055698109862,-790.7000000000007,423,0,354,60,6,0,1,0,1,1,0,1,0,1
24,0.8712697186353529,-878.6500000000018,423,0,337,73,10,0,0,0,2,1,0,1,0,1
25,0.8660651440864492,-782.5900000000013,423,0,358,51,8,0,0,2,3,1,0,1,0,1
26,0.8608916593317341,-856.3600000000033,423,0,341,59,14,0,2,1,5,1,0,1,0,1
27,0.8557490786547202,-860.2100000000031,423,0,340,55,16,0,1,2,8,1,0,1,0,1
28,0.8506372174483076,-901.770000000002,423,0,334,67,14,0,0,2,5,1,0,1,0,1
29,0.8455558922081559,-796.7800000000016,396,1,304,69,19,1,1,0,0,1,1,0,1,0
30,0.8405049205260975,-850.7699999999992,423,0,338,69,10,0,0,1,4,1,0,1,0,1
31,0.8354841210835895,-895.4200000000021,423,0,335,61,18,0,0,0,8,1,0,1,0,1
32,0.8304933136452046,-860.6999999999998,423,0,327,78,6,0,2,3,6,1,0,1,0,1
33,0.8255323190521611,-896.5799999999992,423,0,335,69,12,3,0,0,3,1,0,1,0,1
34,0.8206009592158915,-769.4800000000025,423,0,350,43,9,0,2,5,13,1,0,1,0,1
35,0.8156990571116495,-885.4000000000009,423,0,335,60,16,0,2,2,7,1,0,1,0,1
36,0.8108264367721552,-695.3700000000009,423,0,372,46,2,0,0,1,1,1,0,1,0,1
37,0.8059829232812785,-693.91,423,0,373,35,6,0,1,2,5,1,0,1,0,1
38,0.8011683427677598,-935.330000000001,423,0,334,59,21,0,0,3,5,1,0,1,0,1
39,0.7963825223989681,-813.4300000000001,423,0,343,69,4,0,3,1,2,1,0,1,0,1
40,0.7916252903746974,-700.8699999999985,423,0,374,39,7,0,0,2,0,1,0,1,0,1
41,0.786896475920999,-894.2800000000019,423,0,332,53,19,1,2,3,12,1,0,1,0,1
42,0.7821959092840509,-916.9100000000022,423,0,328,78,11,0,0,2,3,1,0,1,0,1
43,0.7775234217240647,-823.6200000000013,423,0,352,51,12,3,2,1,1,1,0,1,0,1
44,0.7728788455092277,-804.0099999999974,423,0,352,61,8,1,0,0,0,1,0,1,0,1
45,0.7682620139096815,-1000.5900000000029,423,0,309,98,12,0,1,1,1,1,0,1,0,1
46,0.7636727611915375,-736.6100000000014,423,0,364,50,4,1,1,1,1,1,0,1,0,1
47,0.7591109226109269,-814.8600000000016,423,0,339,71,4,0,6,0,2,1,0,1,0,1
48,0.7545763344080869,-798.510000000002,423,0,364,36,17,0,0,2,3,1,0,1,0,1
49,0.7500688338014819,-780.1000000000012,423,0,356,60,4,0,0,0,2,1,0,1,0,1
50,0.7455882589819606,-932.970000000001,423,0,324,78,14,0,6,0,0,1,0,1,0,1
51,0.7411344491069464,-703.1199999999999,423,0,369,50,0,0,2,0,1,1,0,1,0,1
52,0.7367072442946646,-734.1599999999978,423,0,367,46,7,0,0,1,1,1,0,1,0,1
53,0.7323064856184025,-744.8599999999988,423,0,363,54,5,0,0,0,0,1,0,1,0,1
54,0.7279320151008041,-781.5899999999991,423,0,352,54,8,0,3,1,4,1,0,1,0,1
55,0.7235836757081993,-711.4299999999986,423,0,368,41,7,0,1,2,3,1,0,1,0,1
56,0.7192613113449667,-762.5,423,0,361,38,11,1,2,2,7,1,0,1,0,1
57,0.7149647668479304,-743.3300000000017,423,0,358,46,7,0,1,1,9,1,0,1,0,1
58,0.7106938879807894,-112.27000000000002,126,1,106,13,3,1,1,0,0,1,1,0,1,0
59,0.7064485214285814,-252.8800000000001,236,1,205,18,3,0,1,0,7,1,1,0,1,0
60,0.7022285147921787,-744.459999999999,423,0,364,41,11,0,0,1,5,1,0,1,0,1
61,0.698033716582818,-628.5500000000011,399,1,338,48,9,1,1,0,0,1,1,0,1,0
62,0.6938639762166615,-702.6099999999998,423,0,377,34,7,0,0,1,3,1,0,1,0,1
63,0.6897191440093922,-959.3299999999997,423,0,319,89,11,0,1,2,0,1,0,1,0,1
64,0.6855990711708395,-682.0199999999975,423,0,378,36,7,0,1,0,0,1,0,1,0,1
65,0.6815036097996391,-788.7800000000035,423,0,344,46,12,0,5,5,10,1,0,1,0,1
66,0.6774326128779227,-727.0900000000001,423,0,369,38,9,0,1,3,2,1,0,1,0,1
67,0.6733859342660411,-741.4100000000009,423,0,357,53,4,0,3,2,3,1,0,1,0,1
68,0.6693634286973177,-807.3200000000022,423,0,364,36,18,0,0,2,2,1,0,1,0,1
69,0.665364951772834,-333.21000000000043,222,1,170,42,3,0,4,0,1,1,1,0,1,0
70,0.6613903599562454,-821.2099999999999,423,0,349,60,10,0,1,0,2,1,0,1,0,1
71,0.6574395105686298,-776.2600000000043,423,0,358,44,12,0,1,3,4,1,0,1,0,1
72,0.6535122617833644,-311.84999999999997,224,1,182,27,7,0,5,1,0,1,1,0,1,0
73,0.6496084726210354,-720.2299999999982,423,0,371,40,9,0,0,1,1,1,0,1,0,1
74,0.6457280029443764,-778.2100000000014,423,0,356,55,7,0,3,0,1,1,0,1,0,1
75,0.6418707134532387,-296.01,238,1,201,32,1,0,1,0,1,1,1,0,1,0
76,0.6380364656795896,-752.7599999999983,423,0,368,38,13,0,1,2,0,1,0,1,0,1
77,0.634225121982543,-843.2200000000023,423,0,340,64,10,0,2,2,4,1,0,1,0,1
78,0.6304365455434172,-406.1500000000001,332,1,293,32,1,0,4,0,0,1,1,0,1,0
79,0.6266706003608241,-685.1899999999982,423,0,378,34,6,2,0,0,2,1,0,1,0,1
80,0.622927151245787,-236.36000000000013,194,1,162,19,6,0,1,1,3,1,1,0,1,0
81,0.6192060638168874,-829.4500000000013,423,0,353,45,17,0,1,2,4,1,0,1,0,1
82,0.6155072044954412,-735.3799999999987,423,0,360,41,9,0,2,5,5,1,0,1,0,1
83,0.6118304405007033,-789.2600000000018,423,0,364,38,16,0,0,1,3,1,0,1,0,1
84,0.6081756398451015,-798.9000000000002,423,0,356,49,13,0,0,2,2,1,0,1,0,1
85,0.6045426713294979,-661.3999999999984,423,0,379,35,5,0,0,1,2,1,0,1,0,1
86,0.6009314045384795,-750.5599999999968,423,0,364,47,8,0,0,2,1,1,0,1,0,1
87,0.5973417098356766,-374.9000000000003,293,1,251,33,4,0,3,0,0,1,1,0,1,0
88,0.5937734583591089,-696.7800000000008,423,0,374,35,7,0,1,1,4,1,0,1,0,1
89,0.5902265220165597,-313.95999999999987,261,1,229,27,2,0,1,0,0,1,1,0,1,0
90,0.5867007734809778,-692.6800000000009,423,0,370,39,4,0,1,4,4,1,0,1,0,1
91,0.5831960861859071,-719.6600000000009,423,0,364,50,4,0,0,2,2,1,0,1,0,1
92,0.5797123343209422,-745.4499999999992,423,0,361,46,8,1,0,0,6,1,0,1,0,1
93,0.5762493928272127,-457.78999999999934,358,1,313,36,1,0,2,2,2,1,1,0,1,0
94,0.5728071373928941,-551.9000000000012,420,1,375,32,8,0,2,0,1,1,1,0,1,0
95,0.569385444448745,-401.2699999999998,308,1,267,32,3,0,1,2,1,1,1,0,1,0
96,0.5659841911636708,-241.48000000000002,176,1,135,32,3,0,1,0,3,1,1,0,1,0
97,0.5626032554403151,-582.1900000000009,362,1,304,42,13,0,1,0,0,1,1,0,1,0
98,0.5592425159106764,-743.4400000000011,423,0,366,46,8,0,0,1,1,1,0,1,0,1
99,0.555901851931751,-818.4499999999989,423,0,349,44,16,0,0,4,9,1,0,1,0,1
100,0.5525811435812026,-805.7500000000005,423,0,346,48,13,0,5,5,5,1,0,1,0,1
101,0.5492802716530569,-193.98999999999984,211,1,188,17,0,0,4,0,0,1,1,0,1,0
102,0.5459991176534229,-765.029999999998,423,0,354,54,7,0,0,2,5,1,0,1,0,1
103,0.5427375637962387,-745.4700000000026,423,0,366,39,11,0,3,1,2,1,0,1,0,1
104,0.5394954929990438,-530.9300000000001,348,1,283,59,0,0,2,1,1,1,1,0,1,0
105,0.5362727888787756,-518.8400000000005,363,1,310,41,6,0,2,0,2,1,1,0,1,0
106,0.5330693357475917,-682.8600000000021,423,0,372,36,6,0,2,2,4,1,0,1,0,1
107,0.5298850186087173,-501.1399999999995,382,1,335,40,2,0,3,0,0,1,1,0,1,0
108,0.5267197231523162,-652.5899999999983,423,0,382,29,7,0,0,0,4,1,0,1,0,1
109,0.5235733357513884,-617.0299999999991,423,0,391,29,2,0,0,0,0,1,0,1,0,1
110,0.5204457434576906,-403.6399999999995,342,1,309,30,0,0,1,0,0,1,1,0,1,0
111,0.5173368339976812,-737.9099999999976,423,0,362,48,8,0,0,0,4,1,0,1,0,1
112,0.5142464957684908,-286.45999999999987,267,1,244,17,3,0,1,0,0,1,1,0,1,0
113,0.5111746178339155,-615.3000000000008,423,0,379,29,2,0,1,1,10,1,0,1,0,1
114,0.5081210899204343,-8.899999999999977,92,1,83,6,0,0,1,0,0,1,1,0,1,0
115,0.5050858024132509,-696.8999999999999,423,0,365,46,4,1,0,0,6,1,0,1,0,1
116,0.5020686463523585,-423.65999999999923,336,1,296,31,2,0,1,1,3,1,1,0,1,0
117,0.4990695134286288,-64.47999999999998,124,1,112,8,1,0,1,0,0,1,1,0,1,0
118,0.4960882959799234,-610.6199999999986,382,1,315,47,10,0,1,3,4,1,1,0,1,0
119,0.4931248869872292,-690.4299999999985,423,0,370,46,2,0,1,0,3,1,0,1,0,1
120,0.4901791800708169,-245.30999999999995,200,1,169,24,4,0,1,0,0,1,1,0,1,0
121,0.4872510694864219,-361.5600000000001,269,1,228,35,3,0,1,0,0,1,1,0,1,0
122,0.48434045012144833,-678.5299999999982,423,0,377,35,7,0,0,1,2,1,0,1,0,1
123,0.4814472174911959,-672.0999999999985,423,0,372,43,2,0,1,3,1,1,0,1,0,1
124,0.47857126773510905,-685.5399999999988,423,0,366,41,6,0,2,0,7,1,0,1,0,1
125,0.4757124976130486,-786.8600000000029,423,0,357,55,8,0,2,0,0,1,0,1,0,1
126,0.47287080450158575,-708.870000000001,423,0,373,29,10,0,4,4,2,1,0,1,0,1
127,0.47004608639031786,-105.54999999999991,166,1,153,8,0,0,3,0,0,1,1,0,1,0
128,0.4672382418782068,-621.7500000000005,423,0,383,28,4,0,1,1,5,1,0,1,0,1
129,0.4644471701699387,-701.4500000000019,423,0,378,35,8,0,1,0,0,1,0,1,0,1
130,0.4616727710723058,-454.3299999999994,316,1,270,35,7,0,1,1,0,1,1,0,1,0
131,0.45891494499060953,-152.88999999999993,158,1,133,18,2,0,1,0,2,1,1,0,1,0
132,0.45617359292508536,-663.0099999999994,423,0,371,43,1,1,0,3,3,1,0,1,0,1
133,0.4534486164673491,-219.18000000000023,205,1,179,21,2,0,1,0,0,1,1,0,1,0
134,0.4507399177968639,-670.0400000000022,423,0,374,39,3,0,3,1,2,1,0,1,0,1
135,0.4480473996774292,-125.73999999999985,156,1,136,16,0,0,1,0,1,1,1,0,1,0
136,0.44537096545368954,-171.87999999999994,166,1,142,16,4,0,1,0,1,1,1,0,1,0
137,0.4427105190476656,-776.8600000000027,423,0,362,45,12,0,3,0,0,1,0,1,0,1
138,0.4400659649553045,-32.01999999999994,87,1,71,11,1,0,2,0,0,1,1,0,1,0
139,0.4374372082430519,-653.5100000000016,423,0,385,27,7,0,0,1,2,1,0,1,0,1
140,0.4348241545444439,-170.51999999999987,202,1,186,12,1,0,1,0,0,1,1,0,1,0
141,0.4322267100567195,-674.9700000000006,423,0,375,38,5,0,0,1,3,1,0,1,0,1
142,0.42964478153745334,-67.11999999999996,120,1,106,10,1,0,1,0,0,1,1,0,1,0
143,0.4270782763012086,-732.3700000000023,423,0,372,35,12,0,1,0,2,1,0,1,0,1
144,0.42452710221620954,-655.9999999999981,423,0,386,30,6,0,0,0,0,1,0,1,0,1
145,0.4219911677010344,-700.7799999999992,423,0,376,34,9,0,0,1,2,1,0,1,0,1
146,0.4194703817213278,-25.230000000000004,106,1,97,6,0,0,1,0,0,1,1,0,1,0
147,0.4169646537865326,-224.72999999999996,192,1,161,23,3,0,1,1,1,1,1,0,1,0
148,0.41447389394664186,-718.0999999999957,423,0,365,49,5,0,0,0,3,1,0,1,0,1
149,0.4119980127889696,-732.359999999999,423,0,366,52,3,0,1,0,0,1,0,1,0,1
150,0.409536921434941,-594.8799999999994,423,0,390,31,0,0,0,1,0,1,0,1,0,1
151,0.40709053153690217,-624.5000000000007,423,0,391,27,2,0,2,0,0,1,0,1,0,1
152,0.4046587552749483,-664.1599999999988,423,0,374,42,3,0,0,0,3,1,0,1,0,1
153,0.40224150535377157,-627.1599999999984,423,0,388,25,5,0,0,0,4,1,0,1,0,1
154,0.3998386949995268,-670.700000000001,423,0,385,30,6,0,1,0,0,1,0,1,0,1
155,0.39745023795671713,-666.6000000000006,423,0,382,36,3,0,1,0,0,1,0,1,0,1
156,0.39507604848509725,-640.150000000001,423,0,388,27,5,0,0,2,0,1,0,1,0,1
157,0.3927160413565957,-67.28000000000007,120,1,102,6,3,0,1,0,6,1,1,0,1,0
158,0.3903701318522552,-523.5000000000001,396,1,352,38,3,0,1,0,0,1,1,0,1,0
159,0.38803823575919155,-152.07999999999998,170,1,148,14,2,0,1,0,3,1,1,0,1,0
160,0.38572026936757065,-318.4999999999997,286,1,255,24,1,0,1,0,3,1,1,0,1,0
161,0.3834161494676032,-336.63999999999993,282,1,239,28,2,0,1,4,6,1,1,0,1,0
162,0.38112579334655805,-222.6900000000001,184,1,152,24,4,0,1,0,1,1,1,0,1,0
163,0.3788491187857928,-439.0399999999997,367,1,330,31,2,0,1,0,1,1,1,0,1,0
164,0.3765860440578022,-673.2000000000013,423,0,374,34,5,0,2,1,6,1,0,1,0,1
165,0.3743364879232846,-709.6399999999995,423,0,363,55,2,0,1,0,1,1,0,1,0,1
166,0.3721003696282255,-173.51999999999987,184,1,162,16,2,0,2,0,0,1,1,0,1,0
167,0.3698776089009986,-666.829999999998,423,0,380,34,7,0,0,0,1,1,0,1,0,1
168,0.3676681259494843,-146.84999999999997,184,1,167,10,2,0,2,0,1,1,1,0,1,0
169,0.3654718414582053,-505.52000000000004,398,1,355,30,6,0,1,0,4,1,1,0,1,0
170,0.3632886765854796,-704.7099999999989,423,0,376,36,9,0,0,0,1,1,0,1,0,1
171,0.36111855296058976,-625.929999999998,423,0,384,32,3,0,0,1,2,1,0,1,0,1
172,0.35896139268097005,-142.97999999999996,172,1,155,9,3,0,1,1,1,1,1,0,1,0
173,0.35681711830940965,-574.8399999999988,423,0,388,22,1,0,0,3,8,1,0,1,0,1
174,0.354685652871273,-658.6700000000017,423,0,380,29,7,0,3,1,2,1,0,1,0,1
175,0.3525669198517364,-673.1100000000009,423,0,376,24,10,0,3,1,8,1,0,1,0,1
176,0.3504608431930413,-640.5200000000009,423,0,384,23,6,0,1,3,5,1,0,1,0,1
177,0.3483673472917644,-580.4399999999989,423,0,395,24,2,0,0,0,1,1,0,1,0,1
178,0.34628635699610294,-436.90000000000015,390,1,359,18,5,0,1,0,5,1,1,0,1,0
179,0.3442177976031777,-74.92,134,1,121,10,0,0,1,0,0,1,1,0,1,0
180,0.3421615948563507,-121.56999999999998,140,1,114,20,0,0,4,0,0,1,1,0,1,0
181,0.34011767494255996,-461.4600000000008,346,1,301,23,10,0,2,1,7,1,1,0,1,0
182,0.33808596448966954,-405.6499999999997,406,1,384,15,1,0,1,1,2,1,1,0,1,0
183,0.33606639056383575,-616.2099999999987,423,0,389,24,5,0,2,1,1,1,0,1,0,1
184,0.33405888066688905,-99.92999999999996,160,1,147,8,0,0,1,0,2,1,1,0,1,0
185,0.33206336273373127,-85.26999999999994,132,1,112,11,1,0,2,1,3,1,1,0,1,0
186,0.33007976512974907,-530.7100000000004,398,1,351,38,4,0,2,0,1,1,1,0,1,0
187,0.3281080166482419,-26.49000000000005,100,1,89,6,1,0,2,0,0,1,1,0,1,0
188,0.3261480465078664,-144.06000000000012,180,1,163,12,2,0,1,0,0,1,1,0,1,0
189,0.32419978435009483,-607.9500000000003,423,0,388,29,2,0,0,2,1,1,0,1,0,1
190,0.3222631602366901,-685.8200000000016,423,0,382,25,11,0,0,1,3,1,0,1,0,1
191,0.32033810464719464,-614.6300000000018,423,0,392,17,7,0,0,1,5,1,0,1,0,1
192,0.3184245484764348,-565.5399999999996,423,0,403,15,2,0,0,2,0,1,0,1,0,1
193,0.3165224230320405,-565.4599999999999,422,1,365,42,3,0,2,4,4,1,1,0,1,0
194,0.3146316600319788,-156.7000000000001,206,1,192,10,0,0,1,0,1,1,1,0,1,0
195,0.31275219160210316,-140.57999999999993,156,1,131,20,0,0,1,0,2,1,1,0,1,0
196,0.3108839502737168,-174.27999999999997,184,1,163,10,5,0,2,0,2,1,1,0,1,0
197,0.30902686898115045,-626.8999999999987,423,0,386,27,6,0,0,0,3,1,0,1,0,1
198,0.3071808810593553,-257.6100000000001,253,1,231,15,3,0,1,0,1,1,1,0,1,0
199,0.30534592024150964,-641.8799999999997,423,0,381,26,6,0,0,2,7,1,0,1,0,1
200,0.3035219206566398,-123.65999999999995,173,1,157,11,0,0,1,0,2,1,1,0,1,0
201,0.301708816827256,-203.09999999999985,170,1,142,20,5,0,1,0,0,1,1,0,1,0
202,0.2999065436670015,6.540000000000006,72,1,61,8,0,0,1,0,0,1,1,0,1,0
203,0.2981150364783163,-136.02999999999992,166,1,148,14,1,0,1,0,0,1,1,0,1,0
204,0.29633423095011463,-32.08,98,1,86,5,2,0,2,1,0,1,1,0,1,0
205,0.2945640631554763,-27.019999999999982,100,1,88,8,0,0,2,0,0,1,1,0,1,0
206,0.2928044695493518,-89.40999999999998,154,1,143,8,0,0,1,0,0,1,1,0,1,0
207,0.2910553869662813,-75.14000000000009,126,1,112,6,3,0,2,0,1,1,1,0,1,0
208,0.28931675261812717,-727.6600000000012,423,0,361,50,6,0,1,0,4,1,0,1,0,1
209,0.2875885040918198,-87.46999999999993,134,1,117,11,1,0,1,1,1,1,1,0,1,0
210,0.2858705793471174,-303.6300000000002,267,1,234,25,3,0,1,0,2,1,1,0,1,0
211,0.2841629167143787,4.160000000000011,74,1,60,8,0,0,3,0,1,1,1,0,1,0
212,0.2824654548923492,-200.82999999999976,206,1,184,18,1,0,1,0,0,1,1,0,1,0
213,0.28077813294596066,-99.96000000000008,138,1,117,10,1,2,1,0,5,1,1,0,1,0
214,0.2791008903041435,-259.3699999999995,268,1,245,14,2,0,1,2,2,1,1,0,1,0
215,0.27743366675765263,-46.230000000000004,116,1,105,6,1,0,1,0,1,1,1,0,1,0
216,0.27577640245690604,-148.58000000000004,146,1,124,14,5,0,1,0,0,1,1,0,1,0
217,0.27412903790983617,-218.80999999999983,202,1,172,24,1,0,2,0,1,1,1,0,1,0
218,0.2724915139797544,-480.89000000000027,422,1,387,29,2,0,1,1,0,1,1,0,1,0
219,0.27086377188322824,-405.6300000000007,318,1,284,22,8,0,2,0,0,1,1,0,1,0
220,0.269245753187971,-68.65000000000002,128,1,116,8,1,0,1,0,0,1,1,0,1,0
221,0.2676373998107443,-619.2399999999986,423,0,383,23,6,0,2,1,7,1,0,1,0,1
222,0.266038654015273,-271.36999999999966,202,1,169,22,8,0,1,0,0,1,1,0,1,0
223,0.2644494584101724,-357.06999999999937,285,1,245,30,3,0,1,1,3,1,1,0,1,0
224,0.26286975594688855,-341.8799999999999,287,1,254,27,3,0,1,0,0,1,1,0,1,0
225,0.26129948991764956,-1.3500000000000227,78,1,67,8,0,0,1,0,0,1,1,0,1,0
226,0.25973860395343057,-0.020000000000024443,98,1,93,2,0,0,1,0,0,1,1,0,1,0
227,0.25818704202193005,-295.81999999999977,279,1,255,16,3,0,2,1,0,1,1,0,1,0
228,0.2566447484255581,12.239999999999995,77,1,69,5,0,0,1,0,0,1,1,0,1,0
229,0.2551116677994375,-632.279999999998,423,0,385,32,4,0,0,1,0,1,0,1,0,1
230,0.2535877451094157,-639.13,423,0,386,30,3,0,1,1,1,1,0,1,0,1
231,0.25207292565008965,-553.4199999999995,423,0,399,21,0,0,0,0,2,1,0,1,0,1
232,0.2505671550428419,-159.74999999999994,178,1,155,16,1,0,1,2,1,1,1,0,1,0
233,0.2490703792338883,-611.4900000000005,423,0,387,24,4,0,0,3,4,1,0,1,0,1
234,0.24758254449233794,-591.5299999999997,423,0,393,24,3,0,0,0,2,1,0,1,0,1
235,0.24610359740826404,-578.0199999999994,423,0,396,23,1,1,0,0,1,1,0,1,0,1
236,0.24463348489078682,-645.2700000000003,423,0,383,31,5,0,2,0,1,1,0,1,0,1
237,0.24317215416616758,-560.9600000000003,423,0,389,17,2,0,1,1,12,1,0,1,0,1
238,0.24171955277591425,-582.3399999999997,423,0,396,21,3,0,0,0,2,1,0,1,0,1
239,0.24027562857489837,-603.0899999999998,423,0,384,29,1,0,0,1,7,1,0,1,0,1
240,0.2388403297294829,-430.1499999999998,375,1,338,29,2,0,2,0,2,1,1,0,1,0
241,0.23741360471566192,-572.6399999999987,423,0,388,24,1,0,0,0,9,1,0,1,0,1
242,0.23599540231721067,-601.4900000000005,423,0,395,10,8,0,1,1,7,1,0,1,0,1
243,0.23458567162384716,-724.0500000000004,423,0,368,42,7,0,0,1,4,1,0,1,0,1
244,0.23318436202940465,-4.160000000000039,88,1,79,6,0,0,1,0,0,1,1,0,1,0
245,0.23179142323001486,-563.6899999999996,423,0,397,19,2,0,1,1,2,1,0,1,0,1
246,0.2304068052223024,-150.19999999999993,166,1,140,12,4,0,2,0,6,1,1,0,1,0
247,0.22903045830158944,-275.5599999999999,258,1,231,20,3,0,1,0,1,1,1,0,1,0
248,0.22766233306011174,-251.98999999999995,238,1,213,20,2,0,1,0,0,1,1,0,1,0
249,0.2263023803852448,-120.44000000000001,141,1,122,10,4,0,1,1,1,1,1,0,1,0
250,0.224950551457741,-132.05,142,1,119,12,4,0,1,2,2,1,1,0,1,0
251,0.22360679774997694,-63.750000000000014,102,1,86,10,3,0,1,0,0,1,1,0,1,0
252,0.2222710710242115,-56.199999999999974,112,1,98,7,2,0,1,1,1,1,1,0,1,0
253,0.22094332333085417,-170.1099999999999,204,1,189,9,2,0,1,1,0,1,1,0,1,0
254,0.21962350700674382,-17.450000000000017,70,1,56,8,3,0,1,0,0,1,1,0,1,0
255,0.21831157467343767,-138.32999999999998,174,1,157,10,2,0,1,0,2,1,1,0,1,0
256,0.2170074792355105,-315.8600000000003,300,1,275,15,3,0,1,1,3,1,1,0,1,0
257,0.21571117387886402,-14.33999999999999,88,1,78,4,2,0,1,0,1,1,1,0,1,0
258,0.21442261206904636,-73.61999999999996,120,1,102,14,0,0,1,0,1,1,1,0,1,0
259,0.21314174754958168,-104.09999999999998,118,1,93,22,0,0,1,0,0,1,1,0,1,0
260,0.21186853434030947,-74.13999999999997,142,1,130,8,0,0,1,0,1,1,1,0,1,0
261,0.21060292673573414,-68.43999999999998,138,1,127,5,1,0,2,1,0,1,1,0,1,0
262,0.20934487930338425,-71.26,118,1,101,12,1,0,1,0,1,1,1,0,1,0
263,0.20809434688218148,-567.949999999999,423,0,397,24,1,0,0,0,0,1,0,1,0,1
264,0.20685128458081964,-644.8999999999995,423,0,379,40,2,0,1,0,0,1,0,1,0,1
265,0.20561564777615304,-336.20999999999975,270,1,227,33,3,0,1,1,3,1,1,0,1,0
266,0.2043873921115946,-73.54,126,1,113,8,2,0,1,0,0,1,1,0,1,0
267,0.20316647349552364,-36.179999999999964,108,1,97,8,0,0,1,0,0,1,1,0,1,0
268,0.20195284809970304,-493.65000000000026,414,1,373,33,2,0,1,1,2,1,1,0,1,0
269,0.20074647235770596,-233.61999999999983,230,1,204,21,0,0,1,1,1,1,1,0,1,0
270,0.19954730296335174,-95.8500000000001,138,1,120,14,0,0,2,0,0,1,1,0,1,0
271,0.19835529686915154,-296.5999999999999,270,1,239,23,2,0,1,1,2,1,1,0,1,0
272,0.19717041128476284,-175.26,140,1,104,27,3,0,2,1,1,1,1,0,1,0
273,0.1959926036754535,-222.5,231,1,210,15,2,0,2,0,0,1,1,0,1,0
274,0.19482183176057466,-181.69000000000005,192,1,173,12,4,0,1,0,0,1,1,0,1,0
275,0.1936580535120433,-678.9799999999996,423,0,379,32,7,0,0,2,2,1,0,1,0,1
276,0.1925012271528331,-192.4799999999999,179,1,152,18,4,0,1,1,1,1,1,0,1,0
277,0.19135131115547513,-471.7799999999998,400,1,358,29,3,0,3,1,4,1,1,0,1,0
278,0.19020826424056686,-181.1099999999999,216,1,200,7,3,0,1,1,2,1,1,0,1,0
279,0.1890720453752904,-566.0300000000003,423,0,390,23,0,0,2,0,7,1,0,1,0,1
280,0.18794261377193952,11.299999999999983,82,1,75,4,0,0,1,0,0,1,1,0,1,0
281,0.18681992888645543,-165.36000000000018,218,1,203,7,1,0,2,1,2,1,1,0,1,0
282,0.18570395041697144,-689.0499999999996,423,0,377,33,9,0,1,1,1,1,0,1,0,1
283,0.18459463830236603,-26.06999999999998,100,1,89,6,1,0,1,0,1,1,1,0,1,0
284,0.1834919527208249,-100.61,142,1,126,9,2,0,1,1,1,1,1,0,1,0
285,0.1823958540884115,-94.39,149,1,134,8,1,0,1,1,2,1,1,0,1,0
286,0.18130630305764578,-11.979999999999976,88,1,77,7,0,0,1,1,0,1,1,0,1,0
287,0.18022326051609205,-583.4299999999995,423,0,394,26,1,0,0,1,0,1,0,1,0,1
288,0.17914668758495467,-64.33000000000006,136,1,125,8,0,0,1,0,0,1,1,0,1,0
289,0.17807654561768255,-21.090000000000046,80,1,68,6,3,0,1,0,0,1,1,0,1,0
290,0.17701279619858176,-583.0399999999993,423,0,397,16,4,0,1,1,3,1,0,1,0,1
291,0.17595540114143643,24.00999999999999,64,1,54,6,0,0,1,0,1,1,1,0,1,0
292,0.17490432248813811,-484.0399999999997,402,1,361,33,3,0,1,1,1,1,1,0,1,0
293,0.17385952250732298,-149.52000000000004,174,1,155,12,3,0,1,0,1,1,1,0,1,0
294,0.17282096369301755,-38.00999999999998,110,1,95,8,0,0,1,0,4,1,1,0,1,0
295,0.17178860876329213,-147.31000000000006,206,1,191,10,0,0,1,0,2,1,1,0,1,0
296,0.17076242065892258,-73.43000000000002,106,1,86,16,1,0,1,0,0,1,1,0,1,0
297,0.16974236254205993,-2.7099999999999795,94,1,87,4,0,0,1,0,0,1,1,0,1,0
298,0.16872839779490806,-354.74000000000035,326,1,293,28,0,0,3,0,0,1,1,0,1,0
299,0.16772049001840905,-33.229999999999976,104,1,94,6,1,0,1,0,0,1,1,0,1,0
300,0.1667186030309367,-647.6799999999985,423,0,381,34,4,0,0,1,2,1,0,1,0,1
301,0.16572270086699756,-29.060000000000045,99,1,88,7,1,0,1,0,0,1,1,0,1,0
302,0.16473274777593994,-299.44,297,1,271,19,1,0,2,0,2,1,1,0,1,0
303,0.16374870822067053,18.79000000000002,82,1,76,2,0,0,1,0,1,1,1,0,1,0
304,0.16277054687637865,11.019999999999982,68,1,56,8,0,0,1,0,1,1,1,0,1,0
305,0.1617982286292682,-267.0999999999999,178,1,137,30,7,0,2,0,0,1,1,0,1,0
306,0.16083171857529718,-21.979999999999976,91,1,80,7,1,0,1,0,0,1,1,0,1,0
307,0.1598709820189246,-42.979999999999976,114,1,104,6,1,0,1,0,0,1,1,0,1,0
308,0.15891598447186514,-7.660000000000011,84,1,73,8,0,0,1,0,0,1,1,0,1,0
309,0.15796669165185107,7.729999999999961,84,1,78,2,1,0,1,0,0,1,1,0,1,0
310,0.1570230694814014,-20.740000000000023,104,1,91,5,0,0,3,1,2,1,1,0,1,0
311,0.1560850840865989,1.6600000000000108,76,1,65,6,1,0,1,0,1,1,1,0,1,0
312,0.15515270179587387,-26.46000000000005,108,1,100,3,1,0,1,1,0,1,1,0,1,0
313,0.15422588913879537,-84.10000000000004,158,1,149,6,0,0,1,0,0,1,1,0,1,0
314,0.15330461284486996,-43.27999999999999,89,1,74,9,3,0,1,0,0,1,1,0,1,0
315,0.1523888398423471,-101.63999999999997,125,1,105,15,2,0,1,0,0,1,1,0,1,0
316,0.1514785372570321,-16.020000000000053,90,1,82,2,3,0,1,0,0,1,1,0,1,0
317,0.15057367241110595,-100.80000000000003,120,1,99,14,3,0,1,0,1,1,1,0,1,0
318,0.14967421282195226,-94.52999999999993,116,1,93,20,0,0,1,0,0,1,1,0,1,0
319,0.14878012620099124,-17.760000000000005,112,1,108,0,1,0,1,0,0,1,1,0,1,0
320,0.14789138045252062,29.289999999999992,66,1,59,2,1,0,2,0,0,1,1,0,1,0
321,0.14700794367256342,21.99999999999997,69,1,61,5,0,0,1,0,0,1,1,0,1,0
322,0.14612978414772276,-122.77999999999999,120,1,93,13,6,0,1,1,4,1,1,0,1,0
323,0.14525687035404328,-190.70999999999992,192,1,166,20,2,0,1,0,1,1,1,0,1,0
324,0.1443891709558797,-49.109999999999914,126,1,117,4,1,0,1,0,1,1,1,0,1,0
325,0.14352665480477175,-113.56000000000002,154,1,139,9,2,0,1,1,0,1,1,0,1,0
326,0.14266929093832612,-85.11000000000003,120,1,106,6,5,0,1,0,0,1,1,0,1,0
327,0.14181704857910496,-74.12000000000005,120,1,103,11,1,0,1,1,1,1,1,0,1,0
328,0.140969897133521,-171.4699999999999,146,1,118,19,5,0,1,1,0,1,1,0,1,0
329,0.14012780619073942,3.680000000000007,82,1,72,5,0,0,2,1,0,1,1,0,1,0
330,0.139290745521586,-33.84999999999995,101,1,92,3,3,0,1,0,0,1,1,0,1,0
331,0.13845868507746206,-13.079999999999998,94,1,85,6,0,0,1,0,0,1,1,0,1,0
332,0.1376315949892658,20.969999999999985,80,1,75,2,0,0,1,0,0,1,1,0,1,0
333,0.13680944556632008,-210.35999999999996,246,1,229,9,2,0,1,1,2,1,1,0,1,0
334,0.13599220729530642,-257.63999999999976,281,1,262,15,1,0,1,0,0,1,1,0,1,0
335,0.13517985083920583,-15.310000000000045,104,1,97,4,0,0,1,0,0,1,1,0,1,0
336,0.13437234703624537,-144.22999999999996,170,1,150,14,2,0,2,0,0,1,1,0,1,0
337,0.13356966689885155,-4.220000000000013,77,1,66,7,1,0,1,0,0,1,1,0,1,0
338,0.1327717816126096,35.949999999999974,54,1,45,6,0,0,1,0,0,1,1,0,1,0
339,0.13197866253522916,12.28999999999995,74,1,65,6,0,0,1,0,0,1,1,0,1,0
340,0.13119028119551607,34.879999999999995,59,1,51,4,0,0,1,1,0,1,1,0,1,0
341,0.13040660929235026,-19.209999999999937,86,1,75,6,2,0,1,0,0,1,1,0,1,0
342,0.12962761869366993,30.919999999999973,66,1,59,4,0,0,1,0,0,1,1,0,1,0
343,0.12885328143546157,35.79999999999998,68,1,63,2,0,0,1,0,0,1,1,0,1,0
344,0.12808356972075616,-28.679999999999993,80,1,64,10,2,0,1,0,1,1,1,0,1,0
345,0.12731845591863125,17.93999999999997,76,1,69,4,0,0,1,0,0,1,1,0,1,0
346,0.12655791256321922,-40.68000000000002,123,1,116,3,1,0,1,0,0,1,1,0,1,0
347,0.12580191235272117,30.809999999999988,64,1,58,2,1,0,1,0,0,1,1,0,1,0
348,0.1250504281484269,-36.8400000000001,118,1,109,3,1,0,1,1,1,1,1,0,1,0
349,0.12430343297374069,-10.269999999999968,75,1,61,11,0,0,1,0,0,1,1,0,1,0
350,0.12356090001321293,-20.52000000000008,96,1,85,8,0,0,1,0,0,1,1,0,1,0
351,0.12282280261157749,5.1299999999999955,80,1,70,5,0,0,1,1,1,1,1,0,1,0
352,0.1220891142727948,19.070000000000007,60,1,48,6,1,0,2,0,1,1,1,0,1,0
353,0.12135980865910076,-592.5399999999996,423,0,390,27,2,0,0,1,2,1,0,1,0,1
354,0.12063485959006129,-101.83999999999999,142,1,127,10,2,0,1,0,0,1,1,0,1,0
355,0.11991424104163247,24.310000000000002,58,1,47,7,0,0,1,1,0,1,1,0,1,0
356,0.11919792714522631,-299.66,322,1,304,12,1,0,1,2,0,1,1,0,1,0
357,0.11848589218678221,-59.93000000000008,112,1,98,10,1,0,1,0,0,1,1,0,1,0
358,0.11777811060584382,12.100000000000009,88,1,82,2,0,0,2,0,0,1,1,0,1,0
359,0.11707455699464149,-160.14000000000004,218,1,205,10,0,0,1,0,0,1,1,0,1,0
360,0.1163752060971802,-10.789999999999978,94,1,85,6,0,0,1,0,0,1,1,0,1,0
361,0.11568003280833289,-37.030000000000015,88,1,72,12,1,0,1,0,0,1,1,0,1,0
362,0.1149890121729393,-0.8300000000000125,78,1,67,8,0,0,1,0,0,1,1,0,1,0
363,0.1143021193849101,-233.91999999999985,208,1,176,28,1,0,1,0,0,1,1,0,1,0
364,0.1136193297863364,-0.3000000000000256,76,1,68,2,3,0,1,0,0,1,1,0,1,0
365,0.1129406188666046,-17.049999999999983,92,1,82,6,1,0,1,0,0,1,1,0,1,0
366,0.11226596226151654,-339.09999999999957,300,1,278,10,9,0,1,0,0,1,1,0,1,0
367,0.1115953357524148,25.5,76,1,71,2,0,0,1,0,0,1,1,0,1,0
368,0.11092871526531342,-12.190000000000012,88,1,77,8,0,0,1,0,0,1,1,0,1,0
369,0.1102660768700336,33.52999999999999,62,1,56,2,1,0,1,0,0,1,1,0,1,0
370,0.1096073967793447,-146.02999999999992,168,1,148,15,1,0,1,1,0,1,1,0,1,0
371,0.1089526513481103,-247.34999999999968,252,1,228,20,1,0,1,0,0,1,1,0,1,0
372,0.1083018170724395,22.31999999999995,72,1,65,4,0,0,1,0,0,1,1,0,1,0
373,0.107654870588843,-60.02999999999999,100,1,84,10,3,0,1,0,0,1,1,0,1,0
374,0.1070117886733946,-240.77000000000004,280,1,266,10,1,0,1,0,0,1,1,0,1,0
375,0.10637254824089737,-168.3,226,1,214,6,1,0,1,0,2,1,1,0,1,0
376,0.10573712634405498,-208.79999999999984,204,1,175,25,0,0,1,1,0,1,1,0,1,0
377,0.105105500172648,-63.3,142,1,133,4,1,0,2,0,0,1,1,0,1,0
378,0.10447764705271499,-12.65999999999994,85,1,73,9,0,0,1,0,0,1,1,0,1,0
379,0.10385354444573862,-158.85999999999996,210,1,193,8,1,0,1,0,5,1,1,0,1,0
380,0.10323316994783649,-418.2799999999998,372,1,337,22,3,0,1,2,5,1,1,0,1,0
381,0.10261650128895702,-10.489999999999966,92,1,81,2,2,0,1,0,4,1,1,0,1,0
382,0.10200351633207988,-436.4800000000003,398,1,370,14,6,0,1,2,3,1,1,0,1,0
383,0.1013941930724214,-291.83,231,1,193,19,7,0,1,4,5,1,1,0,1,0
384,0.10078850963664458,-31.070000000000007,74,1,59,7,4,0,1,1,0,1,1,0,1,0
385,0.10018644428207399,-82.66000000000004,124,1,104,10,2,0,1,2,3,1,1,0,1,0
386,0.09958797539591513,-152.22000000000003,220,1,212,4,1,0,1,0,0,1,1,0,1,0
387,0.09899308149447868,-90.95,160,1,150,5,1,0,1,1,0,1,1,0,1,0
388,0.09840174122240922,-138.27999999999997,170,1,151,14,1,0,1,0,1,1,1,0,1,0
389,0.09781393335191865,-52.01000000000003,116,1,104,7,1,0,1,1,0,1,1,0,1,0
390,0.09722963678202418,52.32999999999999,48,1,41,3,0,0,1,1,0,1,1,0,1,0
391,0.0966488305377908,3.5999999999999517,88,1,81,4,0,0,1,0,0,1,1,0,1,0
392,0.09607149376957837,-87.09000000000005,130,1,116,8,3,0,1,0,0,1,1,0,1,0
393,0.09549760575229313,-22.090000000000032,96,1,84,4,2,0,1,0,3,1,1,0,1,0
394,0.09492714588464377,1.5299999999999727,76,1,66,6,1,0,1,0,0,1,1,0,1,0
395,0.09436009368840181,-150.9299999999999,228,1,219,4,0,0,1,0,2,1,1,0,1,0
396,0.09379642880766657,-0.620000000000033,78,1,66,6,1,0,2,0,1,1,1,0,1,0
397,0.09323613100813435,-7.82999999999997,76,1,63,8,1,0,1,0,1,1,1,0,1,0
398,0.09267918017637214,-166.95999999999998,172,1,147,13,4,0,2,1,3,1,1,0,1,0
399,0.09212555631909554,-11.35000000000008,94,1,86,4,1,0,1,0,0,1,1,0,1,0
400,0.09157523956245106,-316.4599999999994,308,1,282,19,2,0,1,1,1,1,1,0,1,0
401,0.0910282101513027,-1.960000000000008,66,1,50,12,0,0,1,0,1,1,1,0,1,0
402,0.0904844484485228,10.499999999999986,71,1,63,3,2,0,1,0,0,1,1,0,1,0
403,0.08994393493428707,5.6899999999999835,78,1,66,4,1,0,1,0,4,1,1,0,1,0
404,0.0894066502053739,-97.65000000000002,186,1,181,2,0,0,1,0,0,1,1,0,1,0
405,0.08887257497446785,9.159999999999954,92,1,87,2,0,0,1,0,0,1,1,0,1,0
406,0.08834169006946722,-190.45999999999992,212,1,192,16,1,0,1,0,0,1,1,0,1,0
407,0.08781397643279587,-2.842170943040401e-14,84,1,76,4,1,0,1,0,0,1,1,0,1,0
408,0.08728941512071905,18.509999999999977,68,1,59,6,0,0,1,0,0,1,1,0,1,0
409,0.08676798730266343,9.739999999999966,65,1,54,7,1,0,1,0,0,1,1,0,1,0
410,0.08624967426054099,20.119999999999976,74,1,66,4,0,0,1,0,1,1,1,0,1,0
411,0.08573445738807728,-18.600000000000037,94,1,83,8,0,0,1,0,0,1,1,0,1,0
412,0.08522231819014332,0.2600000000000051,70,1,58,8,1,0,1,0,0,1,1,0,1,0
413,0.08471323828209176,-137.12999999999994,144,1,118,18,2,0,1,2,1,1,1,0,1,0
414,0.08420719938909689,-95.84999999999995,132,1,117,6,4,0,1,2,0,1,1,0,1,0
415,0.0837041833454986,-29.70000000000003,96,1,84,8,1,0,1,0,0,1,1,0,1,0
416,0.08320417209415029,24.019999999999996,64,1,55,6,0,0,1,0,0,1,1,0,1,0
417,0.08270714768577067,-7.760000000000019,92,1,83,3,1,0,2,1,0,1,1,0,1,0
418,0.08221309227829939,-6.250000000000014,82,1,71,4,2,0,1,0,2,1,1,0,1,0
419,0.08172198813625656,-66.46999999999998,119,1,101,12,0,0,2,1,1,1,1,0,1,0
420,0.08123381763010612,-111.16000000000001,188,1,180,4,1,0,1,0,0,1,1,0,1,0
421,0.08074856323562293,24.349999999999994,70,1,64,2,1,0,1,0,0,1,1,0,1,0
422,0.08026620753326372,40.81999999999999,56,1,50,2,1,0,1,0,0,1,1,0,1,0
423,0.07978673320754176,33.989999999999995,56,1,48,3,1,0,1,1,0,1,1,0,1,0
424,0.07931012304640528,-9.950000000000031,86,1,76,6,1,0,1,0,0,1,1,0,1,0
425,0.07883635994061955,20.11999999999999,66,1,59,2,2,0,1,0,0,1,1,0,1,0
426,0.07836542688315278,-82.55000000000003,112,1,94,12,3,0,1,0,0,1,1,0,1,0
427,0.07789730696856553,-48.03999999999995,128,1,119,5,0,0,1,1,0,1,1,0,1,0
428,0.07743198339240391,-91.13000000000001,150,1,136,10,0,0,1,0,1,1,1,0,1,0
429,0.07696943945059626,-29.019999999999996,93,1,79,10,0,0,1,1,0,1,1,0,1,0
430,0.07650965853885357,22.269999999999968,80,1,75,2,0,0,1,0,0,1,1,0,1,0
431,0.07605262415207341,21.669999999999973,66,1,58,4,1,0,1,0,0,1,1,0,1,0
432,0.07559831988374743,-1.3999999999999773,72,1,60,8,1,0,1,0,0,1,1,0,1,0
433,0.07514672942537239,-24.340000000000046,92,1,81,3,3,0,1,1,1,1,1,0,1,0
434,0.07469783656586475,-49.82999999999997,84,1,66,12,3,0,1,0,0,1,1,0,1,0
435,0.07425162519097868,25.35999999999997,73,1,67,3,0,0,1,0,0,1,1,0,1,0
436,0.07380807928272769,-0.28000000000000114,76,1,68,2,3,0,1,0,0,1,1,0,1,0
437,0.0733671829188095,49.75,53,1,47,2,0,0,1,1,0,1,1,0,1,0
438,0.07292892027203456,41.48999999999998,56,1,49,4,0,0,1,0,0,1,1,0,1,0
439,0.0724932756097578,4.3100000000000165,74,1,63,5,1,0,1,1,1,1,1,0,1,0
440,0.07206023329331399,-22.83999999999999,110,1,103,4,0,0,1,0,0,1,1,0,1,0
441,0.0716297777774562,34.59999999999998,62,1,55,4,0,0,1,0,0,1,1,0,1,0
442,0.0712018936097979,-421.68000000000046,350,1,317,26,4,0,1,0,0,1,1,0,1,0
443,0.07077656543025812,8.409999999999982,84,1,77,4,0,0,1,0,0,1,1,0,1,0
444,0.07035377797051019,45.79,60,1,55,1,0,0,1,1,0,1,1,0,1,0
445,0.06993351605343352,24.59999999999995,70,1,63,4,0,0,1,0,0,1,1,0,1,0
446,0.06951576459256888,40.70999999999999,56,1,49,2,1,0,2,0,0,1,1,0,1,0
447,0.06910050859157674,39.16999999999997,64,1,59,2,0,0,1,0,0,1,1,0,1,0
448,0.068687733143699,45.179999999999986,60,1,55,2,0,0,1,0,0,1,1,0,1,0
449,0.06827742343122384,-234.57000000000045,190,1,156,25,4,0,1,1,1,1,1,0,1,0
450,0.0678695647249538,32.05999999999999,64,1,57,4,0,0,1,0,0,1,1,0,1,0
451,0.06746414238367707,30.459999999999994,58,1,49,6,0,0,1,0,0,1,1,0,1,0
452,0.06706114185364183,37.88999999999999,66,1,61,2,0,0,1,0,0,1,1,0,1,0
453,0.06666054866803388,-7.199999999999989,76,1,64,5,2,0,1,1,1,1,1,0,1,0
454,0.06626234844645724,-9.060000000000016,76,1,66,4,3,0,1,0,0,1,1,0,1,0
455,0.06586652689441802,22.649999999999963,72,1,65,4,0,0,1,0,0,1,1,0,1,0
456,0.06547306980281119,37.8,60,1,53,3,0,0,1,1,0,1,1,0,1,0
457,0.06508196304741054,30.010000000000005,64,1,57,2,1,0,1,0,1,1,1,0,1,0
458,0.06469319258836168,-105.21,91,1,65,14,7,0,1,1,1,1,1,0,1,0
459,0.06430674446967798,42.92999999999999,54,1,47,2,1,0,1,0,1,1,1,0,1,0
460,0.06392260481873963,31.86999999999999,64,1,56,3,0,0,1,1,1,1,1,0,1,0
461,0.06354075984579563,31.279999999999973,64,1,57,4,0,0,1,0,0,1,1,0,1,0
462,0.06316119584346877,58.91999999999999,48,1,43,2,0,0,1,0,0,1,1,0,1,0
463,0.06278389918626356,10.919999999999987,88,1,83,2,0,0,1,0,0,1,1,0,1,0
464,0.06240885633007712,29.22999999999999,66,1,58,4,0,0,1,0,1,1,1,0,1,0
465,0.06203605381171294,-48.65000000000005,106,1,91,9,1,0,1,1,1,1,1,0,1,0
466,0.06166547824839764,39.00999999999999,64,1,59,2,0,0,1,0,0,1,1,0,1,0
467,0.0612971163373005,44.19,60,1,55,2,0,0,1,0,0,1,1,0,1,0
468,0.06093095485505596,-35.37999999999998,80,1,61,16,0,0,1,0,0,1,1,0,1,0
469,0.06056698065728891,21.61,66,1,56,6,0,0,1,0,1,1,1,0,1,0
470,0.060205180678142844,-43.53999999999998,108,1,96,5,2,0,1,1,1,1,1,0,1,0
471,0.05984554192981082,-40.790000000000006,112,1,102,6,1,0,1,0,0,1,1,0,1,0
472,0.05948805150206924,56.86999999999999,50,1,45,2,0,0,1,0,0,1,1,0,1,0
473,0.05913269656181437,-21.280000000000015,102,1,93,6,0,0,1,0,0,1,1,0,1,0
474,0.0587794643526017,23.14999999999999,64,1,56,4,1,0,1,0,0,1,1,0,1,0
475,0.058428342194188,30.370000000000005,58,1,48,6,0,0,1,0,1,1,1,0,1,0
476,0.05807931748207612,32.08999999999996,59,1,51,3,1,0,1,0,1,1,1,0,1,0
477,0.05773237768706251,9.250000000000014,68,1,59,4,2,0,1,0,0,1,1,0,1,0
478,0.057387510354787494,12.129999999999953,88,1,83,2,0,0,1,0,0,1,1,0,1,0
479,0.05704470310528812,42.82999999999999,54,1,48,2,1,0,1,0,0,1,1,0,1,0
480,0.056703943632553815,-21.97000000000004,88,1,76,8,1,0,1,0,0,1,1,0,1,0
481,0.056365219704084576,-39.47999999999995,90,1,73,12,1,0,1,0,1,1,1,0,1,0
482,0.05602851916045186,21.769999999999996,66,1,57,6,0,0,1,0,0,1,1,0,1,0
483,0.055693829914862124,-89.02000000000002,116,1,98,12,3,0,1,0,0,1,1,0,1,0
484,0.05536113995272288,12.31000000000003,80,1,73,3,0,0,1,1,0,1,1,0,1,0
485,0.05503043733121145,-43.070000000000036,114,1,103,8,0,0,1,0,0,1,1,0,1,0
486,0.05470171017884621,20.279999999999973,66,1,57,4,1,0,1,0,1,1,1,0,1,0
487,0.05437494669506045,-78.39000000000003,118,1,101,12,2,0,1,0,0,1,1,0,1,0
488,0.054050135149778744,-13.950000000000017,102,1,94,2,1,0,2,0,1,1,1,0,1,0
489,0.05372726388299588,23.95999999999998,70,1,62,4,0,0,1,0,1,1,1,0,1,0
490,0.053406321304358295,9.119999999999976,68,1,58,4,2,0,1,0,1,1,1,0,1,0
491,0.05308729589274799,32.66999999999997,70,1,65,2,0,0,1,0,0,1,1,0,1,0
492,0.05277017619586897,-1.3499999999999943,78,1,67,8,0,0,1,0,0,1,1,0,1,0
493,0.052454950829836096,46.95999999999999,58,1,53,2,0,0,1,0,0,1,1,0,1,0
494,0.05214160847876649,29.959999999999994,66,1,58,4,0,0,1,0,1,1,1,0,1,0
495,0.05183013789437325,16.98999999999998,67,1,57,6,0,0,1,1,0,1,1,0,1,0
496,0.051520527895561705,17.699999999999974,70,1,59,5,0,0,1,1,2,1,1,0,1,0
497,0.05121276736802804,-21.340000000000018,88,1,77,5,2,0,1,1,0,1,1,0,1,0
498,0.050906845263860294,-4.860000000000014,88,1,80,4,1,0,1,0,0,1,1,0,1,0
499,0.05060275060114179,27.58999999999999,74,1,69,2,0,0,1,0,0,1,1,0,1,0
500,0.05030047246355688,30.719999999999985,64,1,58,2,1,0,1,0,0,1,1,0,1,0
501,0.05,-16.44999999999999,98,1,89,4,1,0,1,0,1,1,1,0,1,0
502,0.05,-30.08999999999999,108,1,98,6,0,0,1,0,1,1,1,0,1,0
503,0.05,47.03999999999998,52,1,45,3,0,0,1,1,0,1,1,0,1,0
504,0.05,33.209999999999994,56,1,48,3,1,0,1,1,0,1,1,0,1,0
505,0.05,-3.200000000000003,92,1,83,4,0,0,1,0,2,1,1,0,1,0
506,0.05,37.759999999999984,66,1,61,2,0,0,1,0,0,1,1,0,1,0
507,0.05,29.13000000000001,60,1,51,5,0,0,1,1,0,1,1,0,1,0
508,0.05,5.059999999999988,72,1,62,6,1,0,1,0,0,1,1,0,1,0
509,0.05,34.86999999999996,65,1,59,3,0,0,1,0,0,1,1,0,1,0
510,0.05,17.209999999999994,76,1,69,4,0,0,1,0,0,1,1,0,1,0
511,0.05,32.17999999999999,56,1,46,4,1,0,1,0,2,1,1,0,1,0
512,0.05,62.129999999999995,46,1,40,1,0,0,1,1,1,1,1,0,1,0
513,0.05,-23.190000000000026,88,1,77,6,2,0,1,0,0,1,1,0,1,0
514,0.05,42.819999999999986,48,1,39,6,0,0,1,0,0,1,1,0,1,0
515,0.05,61.01,46,1,41,2,0,0,1,0,0,1,1,0,1,0
516,0.05,41.05999999999995,59,1,54,1,1,0,1,0,0,1,1,0,1,0
517,0.05,68.46,40,1,35,2,0,0,1,0,0,1,1,0,1,0
518,0.05,15.780000000000001,70,1,61,6,0,0,1,0,0,1,1,0,1,0
519,0.05,28.189999999999984,60,1,50,6,0,0,1,0,1,1,1,0,1,0
520,0.05,0.7099999999999369,90,1,82,4,0,0,2,0,0,1,1,0,1,0
521,0.05,20.280000000000015,68,1,59,6,0,0,1,0,0,1,1,0,1,0
522,0.05,16.139999999999972,64,1,53,8,0,0,1,0,0,1,1,0,1,0
523,0.05,17.07999999999997,68,1,60,4,1,0,1,0,0,1,1,0,1,0
524,0.05,10.720000000000013,60,1,48,6,2,0,1,0,1,1,1,0,1,0
525,0.05,30.489999999999966,78,1,75,0,0,0,1,0,0,1,1,0,1,0
526,0.05,-40.68999999999998,101,1,89,7,2,0,1,0,0,1,1,0,1,0
527,0.05,59.90999999999999,54,1,51,0,0,0,1,0,0,1,1,0,1,0
528,0.05,26.159999999999954,71,1,66,1,1,0,1,0,0,1,1,0,1,0
529,0.05,50.15999999999998,56,1,50,2,0,0,1,0,1,1,1,0,1,0
530,0.05,66.78,48,1,45,0,0,0,1,0,0,1,1,0,1,0
531,0.05,35.62999999999998,54,1,44,6,0,0,1,0,1,1,1,0,1,0
532,0.05,10.849999999999994,66,1,56,4,2,0,1,0,1,1,1,0,1,0
533,0.05,63.65999999999999,47,1,43,1,0,0,1,0,0,1,1,0,1,0
534,0.05,4.780000000000001,58,1,47,3,4,0,1,1,0,1,1,0,1,0
535,0.05,-30.560000000000045,96,1,84,8,1,0,1,0,0,1,1,0,1,0
536,0.05,19.500000000000014,71,1,62,5,0,0,1,0,1,1,1,0,1,0
537,0.05,-91.70000000000003,120,1,102,11,3,0,1,1,0,1,1,0,1,0
538,0.05,-67.72000000000001,92,1,72,14,3,0,1,0,0,1,1,0,1,0
539,0.05,35.83999999999999,54,1,44,6,0,0,1,0,1,1,1,0,1,0
540,0.05,40.539999999999985,56,1,49,4,0,0,1,0,0,1,1,0,1,0
541,0.05,31.309999999999988,54,1,46,3,1,1,1,0,0,1,1,0,1,0
542,0.05,34.000000000000014,65,1,60,0,1,0,1,1,0,1,1,0,1,0
543,0.05,46.56999999999998,58,1,53,2,0,0,1,0,0,1,1,0,1,0
544,0.05,46.03999999999999,52,1,45,4,0,0,1,0,0,1,1,0,1,0
545,0.05,-10.509999999999962,92,1,83,5,0,0,1,1,0,1,1,0,1,0
546,0.05,11.909999999999982,82,1,74,3,0,0,1,1,1,1,1,0,1,0
547,0.05,1.289999999999992,79,1,70,4,1,0,1,1,0,1,1,0,1,0
548,0.05,42.33999999999999,62,1,57,2,0,0,1,0,0,1,1,0,1,0
549,0.05,2.8599999999999994,74,1,64,6,1,0,1,0,0,1,1,0,1,0
550,0.05,35.09999999999998,62,1,55,3,0,0,1,1,0,1,1,0,1,0
551,0.05,24.409999999999982,60,1,52,3,1,1,1,0,0,1,1,0,1,0
552,0.05,14.090000000000003,72,1,64,3,1,0,1,1,0,1,1,0,1,0
553,0.05,12.409999999999954,80,1,73,4,0,0,1,0,0,1,1,0,1,0
554,0.05,61.779999999999994,52,1,49,0,0,0,1,0,0,1,1,0,1,0
555,0.05,-18.699999999999974,92,1,81,8,0,0,1,0,0,1,1,0,1,0
556,0.05,-5.699999999999974,82,1,71,8,0,0,1,0,0,1,1,0,1,0
557,0.05,-92.91000000000004,172,1,164,4,1,0,1,0,0,1,1,0,1,0
558,0.05,20.849999999999966,72,1,66,2,1,0,1,0,0,1,1,0,1,0
559,0.05,19.189999999999984,68,1,60,3,1,0,1,1,0,1,1,0,1,0
560,0.05,3.8199999999999648,88,1,81,4,0,0,1,0,0,1,1,0,1,0
561,0.05,17.19999999999996,68,1,60,2,2,0,1,0,1,1,1,0,1,0
562,0.05,32.589999999999975,64,1,56,3,0,0,1,1,1,1,1,0,1,0
563,0.05,34.499999999999986,68,1,63,2,0,0,1,0,0,1,1,0,1,0
564,0.05,45.14999999999997,60,1,53,1,0,0,1,1,2,1,1,0,1,0
565,0.05,33.84999999999998,62,1,55,4,0,0,1,0,0,1,1,0,1,0
566,0.05,36.42999999999998,54,1,43,5,0,0,1,1,2,1,1,0,1,0
567,0.05,63.76999999999999,44,1,38,2,0,0,1,0,1,1,1,0,1,0
568,0.05,46.859999999999985,58,1,52,2,0,0,1,0,1,1,1,0,1,0
569,0.05,20.179999999999993,60,1,48,8,0,0,1,0,1,1,1,0,1,0
570,0.05,51.519999999999996,54,1,49,2,0,0,1,0,0,1,1,0,1,0
571,0.05,2.499999999999986,96,1,91,2,0,0,1,0,0,1,1,0,1,0
572,0.05,41.94,62,1,57,2,0,0,1,0,0,1,1,0,1,0
573,0.05,34.29999999999998,62,1,55,4,0,0,1,0,0,1,1,0,1,0
574,0.05,27.62999999999998,74,1,69,2,0,0,1,0,0,1,1,0,1,0
575,0.05,-8.169999999999973,76,1,64,8,1,0,1,0,0,1,1,0,1,0
576,0.05,64.47,50,1,47,0,0,0,1,0,0,1,1,0,1,0
577,0.05,16.169999999999973,70,1,62,3,1,0,1,1,0,1,1,0,1,0
578,0.05,21.479999999999976,69,1,58,4,0,0,1,1,3,1,1,0,1,0
579,0.05,26.989999999999995,74,1,69,2,0,0,1,0,0,1,1,0,1,0
580,0.05,5.629999999999953,86,1,79,4,0,0,1,0,0,1,1,0,1,0
581,0.05,30.799999999999997,58,1,46,6,0,0,1,0,3,1,1,0,1,0
582,0.05,22.649999999999963,75,1,69,3,0,0,1,0,0,1,1,0,1,0
583,0.05,59.49999999999999,48,1,42,1,0,0,1,1,1,1,1,0,1,0
584,0.05,38.119999999999955,72,1,69,0,0,0,1,0,0,1,1,0,1,0
585,0.05,65.97999999999999,42,1,37,2,0,0,1,0,0,1,1,0,1,0
586,0.05,39.08999999999998,58,1,51,4,0,0,1,0,0,1,1,0,1,0
587,0.05,29.92,58,1,50,4,1,0,1,0,0,1,1,0,1,0
588,0.05,39.059999999999995,58,1,51,4,0,0,1,0,0,1,1,0,1,0
589,0.05,60.12999999999999,54,1,51,0,0,0,1,0,0,1,1,0,1,0
590,0.05,64.50999999999999,50,1,47,0,0,0,1,0,0,1,1,0,1,0
591,0.05,23.119999999999962,72,1,65,3,0,0,1,1,0,1,1,0,1,0
592,0.05,-12.450000000000003,78,1,68,4,3,0,1,0,0,1,1,0,1,0
593,0.05,49.68999999999999,56,1,51,2,0,0,1,0,0,1,1,0,1,0
594,0.05,30.529999999999987,72,1,66,2,0,0,1,0,1,1,1,0,1,0
595,0.05,46.00999999999998,52,1,45,4,0,0,1,0,0,1,1,0,1,0
596,0.05,17.36999999999999,62,1,52,6,1,0,1,0,0,1,1,0,1,0
597,0.05,3.3899999999999864,82,1,72,5,0,0,1,1,1,1,1,0,1,0
598,0.05,30.459999999999965,72,1,67,2,0,0,1,0,0,1,1,0,1,0
599,0.05,29.84999999999998,72,1,67,2,0,0,1,0,0,1,1,0,1,0
600,0.05,25.129999999999967,70,1,63,4,0,0,1,0,0,1,1,0,1,0
