episode,epsilon,reward,steps,success,wall_collisions,penalty_visits,closed_door_attempts,key_collected,terminated,truncated
1,1.0,-896.0,423,0,72,18,0,0,0,1
2,0.9981,-736.0,423,0,71,1,0,0,0,1
3,0.9962,-842.0,423,0,83,9,1,1,0,1
4,0.9943,-782.0,423,0,60,13,0,1,0,1
5,0.9924,-784.0,423,0,65,8,0,0,0,1
6,0.9905,-833.0,423,0,53,19,1,0,0,1
7,0.9886,-902.0,423,0,93,10,0,1,0,1
8,0.9867,-984.0,423,0,83,24,2,1,0,1
9,0.9848,-833.0,423,0,84,6,0,0,0,1
10,0.9829,-890.0,423,0,78,14,0,0,0,1
11,0.981,-794.0,423,0,81,3,0,0,0,1
12,0.9791,-959.0,423,0,72,27,0,1,0,1
13,0.9772,-1089.0,423,0,133,15,0,1,0,1
14,0.9753000000000001,-935.0,423,0,83,17,4,1,0,1
15,0.9734,-341.0,290,1,32,5,0,1,1,0
16,0.9715,-895.0,423,0,83,15,0,1,0,1
17,0.9696,-863.0,423,0,69,18,0,1,0,1
18,0.9677,-947.0,423,0,89,15,4,1,0,1
19,0.9658,-835.0,423,0,79,9,1,1,0,1
20,0.9639,-912.0,423,0,49,28,6,1,0,1
21,0.962,-922.0,423,0,93,12,2,1,0,1
22,0.9601,-993.0,423,0,73,30,0,1,0,1
23,0.9582,-868.0,423,0,98,6,0,1,0,1
24,0.9563,-858.0,423,0,71,14,2,1,0,1
25,0.9544,-866.0,423,0,64,19,2,1,0,1
26,0.9525,-907.0,423,0,76,14,4,0,0,1
27,0.9506,-806.0,423,0,72,7,0,0,0,1
28,0.9487,-692.0,423,0,48,6,0,0,0,1
29,0.9468,-897.0,423,0,68,20,2,1,0,1
30,0.9449,-924.0,423,0,72,23,1,1,0,1
31,0.9430000000000001,-827.0,423,0,69,14,0,1,0,1
32,0.9411,-969.0,423,0,75,26,1,1,0,1
33,0.9392,-1297.0,423,0,93,51,5,1,0,1
34,0.9373,-828.0,423,0,67,14,0,1,0,1
35,0.9354,-411.0,290,1,54,3,0,1,1,0
36,0.9335,-1043.0,423,0,108,21,0,1,0,1
37,0.9316,-866.0,423,0,72,16,0,1,0,1
38,0.9297,-834.0,423,0,61,18,0,1,0,1
39,0.9278,-758.0,423,0,54,13,0,1,0,1
40,0.9259,-943.0,423,0,75,23,2,1,0,1
41,0.924,-795.0,423,0,61,13,0,1,0,1
42,0.9221,-800.0,423,0,60,15,0,1,0,1
43,0.9202,-830.0,423,0,75,11,0,1,0,1
44,0.9183,-790.0,423,0,68,10,0,1,0,1
45,0.9164,-928.0,423,0,98,10,3,1,0,1
46,0.9145,-838.0,423,0,61,13,4,0,0,1
47,0.9126,-805.0,423,0,71,8,0,0,0,1
48,0.9107000000000001,-684.0,368,1,93,7,0,1,1,0
49,0.9088,-952.0,423,0,80,21,0,0,0,1
50,0.9069,-862.0,423,0,82,11,1,1,0,1
51,0.905,-851.0,423,0,57,20,0,1,0,1
52,0.9031,-769.0,423,0,71,4,0,0,0,1
53,0.9012,-733.0,423,0,68,2,0,0,0,1
54,0.8993,-895.0,423,0,59,25,0,1,0,1
55,0.8974,-889.0,423,0,83,15,0,1,0,1
56,0.8955,-939.0,423,0,79,22,0,1,0,1
57,0.8936,-836.0,423,0,93,4,0,1,0,1
58,0.8917,-841.0,423,0,62,18,0,1,0,1
59,0.8898,-781.0,423,0,57,12,2,1,0,1
60,0.8879,-724.0,423,0,59,7,0,1,0,1
61,0.886,-699.0,423,0,46,10,0,1,0,1
62,0.8841,-811.0,423,0,54,17,2,1,0,1
63,0.8822,-693.0,423,0,55,2,0,0,0,1
64,0.8803,-818.0,423,0,69,13,0,1,0,1
65,0.8784,-789.0,423,0,61,13,0,1,0,1
66,0.8765000000000001,-714.0,423,0,46,9,3,1,0,1
67,0.8746,-766.0,423,0,59,12,0,1,0,1
68,0.8727,-923.0,423,0,78,21,0,1,0,1
69,0.8708,-812.0,423,0,68,12,1,1,0,1
70,0.8689,-750.0,423,0,73,4,0,1,0,1
71,0.867,-892.0,423,0,50,26,0,0,0,1
72,0.8651,-675.0,423,0,37,11,0,1,0,1
73,0.8632,-808.0,423,0,59,16,0,1,0,1
74,0.8613,-792.0,423,0,51,16,1,1,0,1
75,0.8594,-718.0,423,0,44,13,0,1,0,1
76,0.8575,-895.0,423,0,89,12,0,1,0,1
77,0.8556,-755.0,423,0,77,2,1,1,0,1
78,0.8537,-807.0,423,0,55,18,0,1,0,1
79,0.8518,-886.0,423,0,62,23,0,1,0,1
80,0.8499,-827.0,423,0,66,15,0,1,0,1
81,0.848,-776.0,423,0,54,14,0,1,0,1
82,0.8461,-809.0,423,0,65,13,1,1,0,1
83,0.8442000000000001,-719.0,423,0,55,4,5,1,0,1
84,0.8423,-732.0,423,0,52,8,0,0,0,1
85,0.8404,-852.0,423,0,76,13,0,1,0,1
86,0.8385,-790.0,423,0,59,14,0,1,0,1
87,0.8366,-691.0,423,0,59,3,0,1,0,1
88,0.8347,-804.0,423,0,73,10,0,1,0,1
89,0.8328,-699.0,423,0,49,8,0,1,0,1
90,0.8309,-724.0,423,0,47,12,0,1,0,1
91,0.829,-773.0,423,0,42,18,0,1,0,1
92,0.8271,-765.0,423,0,37,21,0,1,0,1
93,0.8252,-800.0,423,0,74,8,1,1,0,1
94,0.8233,-742.0,423,0,38,18,0,1,0,1
95,0.8214,-893.0,423,0,66,23,0,1,0,1
96,0.8195,-740.0,423,0,63,7,0,1,0,1
97,0.8176,-755.0,423,0,60,10,0,1,0,1
98,0.8157,-829.0,423,0,56,19,0,1,0,1
99,0.8138,-718.0,423,0,38,15,0,1,0,1
100,0.8119000000000001,-692.0,423,0,33,15,0,1,0,1
101,0.81,-712.0,423,0,59,6,0,1,0,1
102,0.8081,-726.0,423,0,64,5,0,1,0,1
103,0.8062,-810.0,423,0,70,12,0,1,0,1
104,0.8043,-773.0,423,0,42,19,0,1,0,1
105,0.8024,-802.0,423,0,80,6,0,1,0,1
106,0.8005,-803.0,423,0,69,11,0,1,0,1
107,0.7986,-497.0,402,1,31,10,0,1,1,0
108,0.7967,-727.0,423,0,47,13,0,1,0,1
109,0.7948,-770.0,423,0,54,14,0,1,0,1
110,0.7929,-718.0,423,0,56,8,0,1,0,1
111,0.791,-731.0,423,0,42,15,0,1,0,1
112,0.7891,-637.0,423,0,47,3,0,1,0,1
113,0.7872,-617.0,423,0,45,1,0,1,0,1
114,0.7853,-746.0,423,0,60,8,0,1,0,1
115,0.7834,-681.0,423,0,43,9,0,1,0,1
116,0.7815,-641.0,423,0,24,11,3,1,0,1
117,0.7796,-859.0,423,0,68,18,0,1,0,1
118,0.7777000000000001,-631.0,423,0,26,11,0,1,0,1
119,0.7758,-629.0,423,0,48,1,0,1,0,1
120,0.7739,-732.0,423,0,37,18,0,1,0,1
121,0.772,-413.0,331,1,51,0,0,1,1,0
122,0.7701,-799.0,423,0,59,15,0,1,0,1
123,0.7682,-742.0,423,0,53,12,0,1,0,1
124,0.7663,-693.0,423,0,50,6,2,1,0,1
125,0.7644,-787.0,423,0,35,24,0,1,0,1
126,0.7625,-856.0,423,0,74,15,0,1,0,1
127,0.7605999999999999,-674.0,423,0,39,10,0,1,0,1
128,0.7587,-709.0,423,0,53,8,0,1,0,1
129,0.7568,-725.0,423,0,45,13,0,1,0,1
130,0.7549,-728.0,423,0,51,11,0,1,0,1
131,0.753,-844.0,423,0,68,16,0,1,0,1
132,0.7511,-759.0,423,0,58,11,0,1,0,1
133,0.7492,-227.0,212,1,26,3,0,1,1,0
134,0.7473000000000001,-717.0,423,0,49,10,0,1,0,1
135,0.7454000000000001,-724.0,423,0,41,15,0,1,0,1
136,0.7435,-758.0,423,0,44,16,1,1,0,1
137,0.7416,-695.0,423,0,51,7,0,1,0,1
138,0.7397,-609.0,423,0,28,8,0,1,0,1
139,0.7378,-686.0,423,0,54,5,0,1,0,1
140,0.7359,-260.0,254,1,32,0,0,1,1,0
141,0.734,-678.0,423,0,46,7,0,1,0,1
142,0.7321,-592.0,423,0,35,3,0,1,0,1
143,0.7302,-742.0,423,0,53,12,0,1,0,1
144,0.7283000000000001,-773.0,423,0,48,17,0,1,0,1
145,0.7264,-158.0,191,1,16,2,1,1,1,0
146,0.7245,-695.0,423,0,39,12,0,1,0,1
147,0.7226,-199.0,176,1,34,1,0,1,1,0
148,0.7207,-637.0,423,0,47,3,0,1,0,1
149,0.7188000000000001,-283.0,250,1,23,6,0,1,1,0
150,0.7169000000000001,-645.0,423,0,40,7,0,1,0,1
151,0.7150000000000001,-621.0,423,0,40,4,0,1,0,1
152,0.7131000000000001,-827.0,423,0,60,18,0,1,0,1
153,0.7112,-375.0,316,1,34,5,0,1,1,0
154,0.7093,-748.0,423,0,74,3,0,1,0,1
155,0.7074,-739.0,423,0,50,12,0,1,0,1
156,0.7055,-724.0,423,0,59,7,0,1,0,1
157,0.7036,-718.0,423,0,65,4,0,1,0,1
158,0.7017,-595.0,423,0,41,1,0,1,0,1
159,0.6998,-662.0,423,0,48,5,0,1,0,1
160,0.6979,-651.0,423,0,31,11,0,1,0,1
161,0.696,-753.0,423,0,43,17,0,1,0,1
162,0.6940999999999999,-708.0,423,0,49,9,0,1,0,1
163,0.6921999999999999,-381.0,287,1,45,4,0,1,1,0
164,0.6903,-699.0,423,0,40,12,0,1,0,1
165,0.6884,-749.0,423,0,60,9,0,1,0,1
166,0.6865,-613.0,423,0,38,4,0,1,0,1
167,0.6846,-643.0,423,0,44,5,0,1,0,1
168,0.6827,-267.0,234,1,29,4,0,1,1,0
169,0.6808000000000001,-631.0,423,0,32,8,0,1,0,1
170,0.6789000000000001,-652.0,423,0,53,2,0,1,0,1
171,0.677,-636.0,423,0,40,6,0,1,0,1
172,0.6751,-813.0,423,0,46,22,0,1,0,1
173,0.6732,-627.0,423,0,28,10,0,1,0,1
174,0.6713,-635.0,423,0,51,1,0,1,0,1
175,0.6694,-521.0,423,0,18,2,0,1,0,1
176,0.6675,-719.0,423,0,54,9,0,1,0,1
177,0.6656,-632.0,423,0,24,12,0,1,0,1
178,0.6637,-656.0,423,0,45,6,0,1,0,1
179,0.6618,-676.0,423,0,50,6,0,1,0,1
180,0.6599,-673.0,423,0,47,7,0,1,0,1
181,0.658,-655.0,423,0,41,7,0,1,0,1
182,0.6561,-196.0,173,1,25,5,0,1,1,0
183,0.6542,-684.0,423,0,58,3,0,1,0,1
184,0.6523000000000001,-623.0,423,0,30,8,0,1,0,1
185,0.6504000000000001,-37.0,99,1,15,0,0,1,1,0
186,0.6485000000000001,-312.0,284,1,24,6,0,1,1,0
187,0.6466000000000001,-685.0,423,0,50,7,0,1,0,1
188,0.6447,-284.0,262,1,36,0,0,1,1,0
189,0.6428,-741.0,423,0,67,5,0,1,0,1
190,0.6409,-629.0,423,0,42,4,0,1,0,1
191,0.639,-165.0,190,1,22,1,0,1,1,0
192,0.6371,-405.0,366,1,38,1,0,1,1,0
193,0.6352,-309.0,260,1,33,4,0,1,1,0
194,0.6333,-445.0,404,1,31,4,0,1,1,0
195,0.6314,-613.0,423,0,47,0,0,1,0,1
196,0.6295,-683.0,423,0,54,3,0,1,0,1
197,0.6275999999999999,-690.0,423,0,31,16,0,1,0,1
198,0.6256999999999999,-585.0,423,0,28,5,0,1,0,1
199,0.6238,-596.0,423,0,39,2,0,1,0,1
200,0.6219,-642.0,423,0,40,6,0,1,0,1
201,0.62,-664.0,423,0,35,11,0,1,0,1
202,0.6181,-463.0,408,1,42,1,0,1,1,0
203,0.6162,-390.0,348,1,29,5,0,1,1,0
204,0.6143000000000001,-712.0,423,0,47,11,0,1,0,1
205,0.6124,-477.0,359,1,33,12,0,1,1,0
206,0.6105,-420.0,332,1,30,10,0,1,1,0
207,0.6086,-295.0,235,1,28,7,1,1,1,0
208,0.6067,-626.0,423,0,45,2,0,1,0,1
209,0.6048,-678.0,423,0,46,8,0,1,0,1
210,0.6029,-63.0,109,1,19,0,0,1,1,0
211,0.601,-436.0,369,1,27,9,0,1,1,0
212,0.5991,-617.0,423,0,36,5,0,1,0,1
213,0.5972,-666.0,423,0,49,5,0,1,0,1
214,0.5953,-369.0,322,1,37,2,0,1,1,0
215,0.5934,-245.0,223,1,27,4,0,1,1,0
216,0.5915,-224.0,206,1,26,4,0,1,1,0
217,0.5896,-147.0,182,1,21,0,0,1,1,0
218,0.5877,-325.0,324,1,21,4,0,1,1,0
219,0.5858000000000001,-370.0,298,1,26,10,0,1,1,0
220,0.5839000000000001,-663.0,423,0,52,3,0,1,0,1
221,0.5820000000000001,-651.0,423,0,37,9,0,1,0,1
222,0.5801000000000001,-535.0,417,1,48,5,0,1,1,0
223,0.5782,-603.0,423,0,25,9,0,1,0,1
224,0.5763,-146.0,178,1,18,2,0,1,1,0
225,0.5744,-580.0,423,0,29,4,0,1,0,1
226,0.5725,-652.0,423,0,44,5,0,1,0,1
227,0.5706,-648.0,423,0,25,13,0,1,0,1
228,0.5687,-507.0,413,1,42,5,0,1,1,0
229,0.5668,-389.0,329,1,41,2,0,1,1,0
230,0.5649,-214.0,223,1,17,5,0,1,1,0
231,0.563,-762.0,423,0,37,21,0,1,0,1
232,0.5610999999999999,-665.0,423,0,45,6,0,1,0,1
233,0.5591999999999999,-667.0,423,0,41,8,0,1,0,1
234,0.5573,-655.0,423,0,32,11,0,1,0,1
235,0.5554,-577.0,383,1,43,16,0,1,1,0
236,0.5535000000000001,-162.0,217,1,16,0,0,1,1,0
237,0.5516000000000001,-136.0,155,1,19,3,0,1,1,0
238,0.5497000000000001,-682.0,423,0,50,6,0,1,0,1
239,0.5478000000000001,-516.0,406,1,37,9,0,1,1,0
240,0.5459,-546.0,423,0,19,5,0,1,0,1
241,0.544,-303.0,262,1,28,5,0,1,1,0
242,0.5421,-476.0,414,1,37,3,0,1,1,0
243,0.5402,-617.0,423,0,30,8,0,1,0,1
244,0.5383,-538.0,423,0,29,0,0,1,0,1
245,0.5364,-240.0,216,1,32,2,0,1,1,0
246,0.5345,-690.0,423,0,37,13,0,1,0,1
247,0.5326,-627.0,423,0,28,10,0,1,0,1
248,0.5307,-64.0,107,1,10,4,0,1,1,0
249,0.5288,-304.0,284,1,22,6,0,1,1,0
250,0.5269,-203.0,212,1,23,2,0,1,1,0
251,0.525,-643.0,423,0,26,13,0,1,0,1
252,0.5231,-265.0,298,1,20,1,0,1,1,0
253,0.5212,-308.0,228,1,28,10,0,1,1,0
254,0.5193000000000001,-49.0,119,1,10,1,0,1,1,0
255,0.5174000000000001,-306.0,303,1,29,1,0,1,1,0
256,0.5155000000000001,-211.0,226,1,20,3,0,1,1,0
257,0.5136000000000001,-732.0,423,0,55,9,0,1,0,1
258,0.5117,-336.0,318,1,26,4,0,1,1,0
259,0.5098,-291.0,240,1,32,5,0,1,1,0
260,0.5079,-398.0,307,1,33,9,0,1,1,0
261,0.506,-543.0,423,0,22,3,0,1,0,1
262,0.5041,-662.0,423,0,54,2,0,1,0,1
263,0.5022,-683.0,423,0,36,13,0,1,0,1
264,0.5003,-100.0,171,1,12,0,0,1,1,0
265,0.49839999999999995,7.0,71,1,11,0,0,1,1,0
266,0.49650000000000005,-137.0,178,1,18,1,0,1,1,0
267,0.49460000000000004,-303.0,243,1,38,3,0,1,1,0
268,0.4927,-70.0,131,1,13,1,0,1,1,0
269,0.4908,-598.0,423,0,38,2,0,1,0,1
270,0.4889,-60.0,137,1,9,1,0,1,1,0
271,0.487,-712.0,423,0,38,15,0,1,0,1
272,0.4851,-201.0,219,1,17,4,0,1,1,0
273,0.48319999999999996,-88.0,155,1,7,3,0,1,1,0
274,0.48129999999999995,-396.0,328,1,31,7,0,1,1,0
275,0.47939999999999994,-225.0,242,1,21,2,0,1,1,0
276,0.47750000000000004,-663.0,423,0,49,5,0,1,0,1
277,0.4756,-296.0,326,1,14,4,0,1,1,0
278,0.4737,-627.0,423,0,40,5,0,1,0,1
279,0.4718,-178.0,223,1,11,3,0,1,1,0
280,0.4699,18.0,80,1,6,0,0,1,1,0
281,0.46799999999999997,-609.0,423,0,37,4,0,1,0,1
282,0.46609999999999996,-620.0,423,0,42,3,0,1,0,1
283,0.46420000000000006,-578.0,423,0,27,5,0,1,0,1
284,0.46230000000000004,-204.0,242,1,12,4,0,1,1,0
285,0.46040000000000003,-107.0,152,1,8,5,0,1,1,0
286,0.4585,-356.0,298,1,18,12,0,1,1,0
287,0.4566000000000001,12.0,78,1,8,0,0,1,1,0
288,0.4547000000000001,-580.0,423,0,29,4,0,1,0,1
289,0.4528000000000001,-411.0,403,1,19,6,0,1,1,0
290,0.4509000000000001,-236.0,232,1,18,6,0,1,1,0
291,0.44900000000000007,-55.0,107,1,13,2,0,1,1,0
292,0.44710000000000005,-134.0,193,1,6,4,0,1,1,0
293,0.44520000000000004,-540.0,423,0,25,2,0,1,0,1
294,0.4433,-123.0,167,1,15,2,0,1,1,0
295,0.4414,-347.0,337,1,27,2,0,1,1,0
296,0.4395,-179.0,230,1,17,0,0,1,1,0
297,0.4376000000000001,-487.0,419,1,40,3,0,1,1,0
298,0.4357000000000001,-189.0,222,1,20,1,0,1,1,0
299,0.4338000000000001,-42.0,132,1,8,0,0,1,1,0
300,0.43190000000000006,-228.0,281,1,15,1,0,1,1,0
301,0.43000000000000005,-130.0,147,1,15,5,0,1,1,0
302,0.42810000000000004,-159.0,143,1,18,7,0,1,1,0
303,0.4262,-618.0,423,0,31,7,0,1,0,1
304,0.4243,-16.0,106,1,8,0,0,1,1,0
305,0.4224,-315.0,309,1,20,5,0,1,1,0
306,0.4205,-342.0,342,1,26,2,0,1,1,0
307,0.4186000000000001,-607.0,423,0,35,5,0,1,0,1
308,0.41670000000000007,-92.0,138,1,10,4,0,1,1,0
309,0.41480000000000006,-21.0,87,1,5,4,0,1,1,0
310,0.41290000000000004,-554.0,423,0,24,4,0,1,0,1
311,0.41100000000000003,-407.0,356,1,29,6,0,1,1,0
312,0.4091,-34.0,118,1,8,0,0,1,1,0
313,0.4072,-10.0,100,1,8,0,0,1,1,0
314,0.4053,-247.0,280,1,17,2,0,1,1,0
315,0.4034,7.0,69,1,7,2,0,1,1,0
316,0.4015000000000001,-164.0,191,1,14,4,0,1,1,0
317,0.39960000000000007,-592.0,423,0,26,7,0,1,0,1
318,0.39770000000000005,5.0,97,1,5,0,0,1,1,0
319,0.39580000000000004,-60.0,103,1,13,3,0,1,1,0
320,0.39390000000000003,-55.0,141,1,9,0,0,1,1,0
321,0.392,-87.0,131,1,9,4,0,1,1,0
322,0.3901,-608.0,423,0,30,7,0,1,0,1
323,0.3882,-477.0,385,1,31,10,0,1,1,0
324,0.3863,-558.0,423,0,25,4,0,1,0,1
325,0.38439999999999996,-559.0,423,0,20,6,0,1,0,1
326,0.38250000000000006,-175.0,191,1,13,6,0,1,1,0
327,0.38060000000000005,-53.0,144,1,7,0,0,1,1,0
328,0.37870000000000004,-240.0,266,1,21,1,0,1,1,0
329,0.3768,-93.0,153,1,11,2,0,1,1,0
330,0.3749,-101.0,153,1,5,4,2,1,1,0
331,0.373,-297.0,316,1,25,0,0,1,1,0
332,0.3711,-121.0,186,1,12,1,0,1,1,0
333,0.3692,-114.0,160,1,10,4,0,1,1,0
334,0.36729999999999996,-91.0,142,1,17,0,0,1,1,0
335,0.36539999999999995,-558.0,423,0,25,4,0,1,0,1
336,0.36350000000000005,-235.0,279,1,12,3,0,1,1,0
337,0.36160000000000003,-407.0,364,1,30,5,0,1,1,0
338,0.3597,-574.0,423,0,26,5,0,1,0,1
339,0.3578,-172.0,183,1,18,4,0,1,1,0
340,0.3559,-54.0,136,1,10,0,0,1,1,0
341,0.354,-237.0,292,1,10,3,0,1,1,0
342,0.35209999999999997,-530.0,423,0,24,1,0,1,0,1
343,0.35019999999999996,-351.0,363,1,17,4,0,1,1,0
344,0.34829999999999994,-602.0,423,0,27,8,0,1,0,1
345,0.34640000000000004,4.0,86,1,8,0,0,1,1,0
346,0.34450000000000003,-17.0,124,1,3,0,0,1,1,0
347,0.3426000000000001,-234.0,263,1,18,2,0,1,1,0
348,0.3407000000000001,11.0,75,1,9,0,0,1,1,0
349,0.3388000000000001,-11.0,89,1,11,0,0,1,1,0
350,0.3369000000000001,-62.0,144,1,10,0,0,1,1,0
351,0.3350000000000001,-566.0,423,0,36,0,0,1,0,1
352,0.33310000000000006,-136.0,141,1,19,3,2,1,1,0
353,0.33120000000000005,-208.0,165,1,39,1,0,1,1,0
354,0.32930000000000004,-162.0,199,1,19,1,0,1,1,0
355,0.3274,-132.0,209,1,9,1,0,1,1,0
356,0.3255,-2.0,92,1,5,1,0,1,1,0
357,0.3236000000000001,15.0,85,1,1,2,0,1,1,0
358,0.3217000000000001,-258.0,257,1,15,7,0,1,1,0
359,0.3198000000000001,-559.0,423,0,26,3,0,1,0,1
360,0.31790000000000007,-127.0,200,1,10,1,0,1,1,0
361,0.31600000000000006,-149.0,206,1,14,1,0,1,1,0
362,0.31410000000000005,22.0,84,1,4,0,0,1,1,0
363,0.31220000000000003,-575.0,423,0,24,6,0,1,0,1
364,0.3103,-274.0,293,1,19,3,0,1,1,0
365,0.3084,-551.0,423,0,30,1,0,1,0,1
366,0.3065,-587.0,423,0,27,6,0,1,0,1
367,0.3046000000000001,-23.0,106,1,9,0,0,1,1,0
368,0.3027000000000001,-83.0,138,1,10,3,0,1,1,0
369,0.30080000000000007,-63.0,123,1,8,3,0,1,1,0
370,0.29890000000000005,-382.0,382,1,26,2,0,1,1,0
371,0.29700000000000004,-15.0,93,1,11,0,0,1,1,0
372,0.29510000000000003,-206.0,264,1,13,1,0,1,1,0
373,0.2932,16.0,82,1,6,0,0,1,1,0
374,0.2913,-38.0,123,1,7,1,0,1,1,0
375,0.2894,-5.0,107,1,5,0,0,1,1,0
376,0.2875000000000001,-259.0,311,1,13,2,0,1,1,0
377,0.2856000000000001,-550.0,423,0,29,1,0,1,0,1
378,0.28370000000000006,-1.0,88,1,2,3,0,1,1,0
379,0.28180000000000005,-151.0,214,1,8,3,0,1,1,0
380,0.27990000000000004,-42.0,111,1,8,2,0,1,1,0
381,0.278,55.0,63,1,1,0,0,1,1,0
382,0.2761,-180.0,202,1,13,5,0,1,1,0
383,0.2742,-4.0,97,1,5,1,0,1,1,0
384,0.2723,-70.0,139,1,11,1,0,1,1,0
385,0.2704,-64.0,157,1,5,1,0,1,1,0
386,0.26850000000000007,-440.0,421,1,30,2,0,1,1,0
387,0.26660000000000006,53.0,65,1,1,0,0,1,1,0
388,0.26470000000000005,-42.0,125,1,3,3,0,1,1,0
389,0.26280000000000003,28.0,94,1,0,0,0,1,1,0
390,0.2609,31.0,71,1,5,0,0,1,1,0
391,0.259,9.0,101,1,3,0,0,1,1,0
392,0.2571,-168.0,187,1,19,3,0,1,1,0
393,0.2552,-100.0,185,1,7,1,0,1,1,0
394,0.25329999999999997,-86.0,118,1,18,2,0,1,1,0
395,0.25139999999999996,-88.0,170,1,10,0,0,1,1,0
396,0.24950000000000006,-332.0,291,1,22,8,0,1,1,0
397,0.24760000000000004,10.0,73,1,8,0,1,1,1,0
398,0.24570000000000003,20.0,86,1,4,0,0,1,1,0
399,0.24380000000000002,-33.0,127,1,4,1,0,1,1,0
400,0.2419,17.0,69,1,9,0,0,1,1,0
401,0.24,-22.0,99,1,9,1,0,1,1,0
402,0.23809999999999998,50.0,72,1,0,0,0,1,1,0
403,0.23619999999999997,52.0,62,1,2,0,0,1,1,0
404,0.23429999999999995,0.0,106,1,4,0,0,1,1,0
405,0.23239999999999994,11.0,107,1,1,0,0,1,1,0
406,0.23050000000000004,15.0,92,1,3,0,0,1,1,0
407,0.22860000000000003,-138.0,207,1,11,1,0,1,1,0
408,0.22670000000000012,40.0,66,1,4,0,0,1,1,0
409,0.2248000000000001,37.0,73,1,3,0,0,1,1,0
410,0.2229000000000001,43.0,59,1,5,0,0,1,1,0
411,0.22100000000000009,-72.0,141,1,8,2,0,1,1,0
412,0.21910000000000007,19.0,83,1,5,0,0,1,1,0
413,0.21720000000000006,-48.0,123,1,5,3,0,1,1,0
414,0.21530000000000005,-42.0,106,1,10,2,0,1,1,0
415,0.21340000000000003,26.0,67,1,5,1,0,1,1,0
416,0.21150000000000002,43.0,59,1,5,0,0,1,1,0
417,0.20960000000000012,62.0,52,1,2,0,0,1,1,0
418,0.2077000000000001,51.0,59,1,3,0,0,1,1,0
419,0.2058000000000001,-112.0,199,1,8,0,0,1,1,0
420,0.20390000000000008,9.0,88,1,4,1,0,1,1,0
421,0.20200000000000007,31.0,66,1,4,1,0,1,1,0
422,0.20010000000000006,45.0,57,1,5,0,0,1,1,0
423,0.19820000000000004,-40.0,106,1,11,1,0,1,1,0
424,0.19630000000000003,28.0,73,1,3,1,0,1,1,0
425,0.19440000000000002,47.0,55,1,5,0,0,1,1,0
426,0.1925,36.0,70,1,4,0,0,1,1,0
427,0.1906000000000001,26.0,83,1,1,1,0,1,1,0
428,0.1887000000000001,25.0,85,1,3,0,0,1,1,0
429,0.18680000000000008,16.0,77,1,5,1,0,1,1,0
430,0.18490000000000006,54.0,60,1,2,0,0,1,1,0
431,0.18300000000000005,53.0,57,1,3,0,0,1,1,0
432,0.18110000000000004,56.0,53,1,1,1,0,1,1,0
433,0.17920000000000003,0.0,90,1,5,1,0,1,1,0
434,0.1773,18.0,75,1,5,1,0,1,1,0
435,0.1754,53.0,57,1,3,0,0,1,1,0
436,0.1735,-39.0,112,1,10,1,0,1,1,0
437,0.17160000000000009,46.0,60,1,1,1,0,1,1,0
438,0.16970000000000007,-6.0,97,1,1,3,0,1,1,0
439,0.16780000000000006,35.0,67,1,5,0,0,1,1,0
440,0.16590000000000005,-269.0,306,1,10,5,0,1,1,0
441,0.16400000000000003,55.0,58,1,0,1,0,1,1,0
442,0.16210000000000002,54.0,52,1,4,0,0,1,1,0
443,0.1602,-553.0,423,0,26,3,0,1,0,1
444,0.1583,62.0,52,1,2,0,0,1,1,0
445,0.15639999999999998,0.0,106,1,4,0,0,1,1,0
446,0.15450000000000008,42.0,59,1,3,1,0,1,1,0
447,0.15260000000000007,50.0,56,1,4,0,0,1,1,0
448,0.15070000000000006,-232.0,272,1,16,2,0,1,1,0
449,0.14880000000000004,-21.0,123,1,5,0,0,1,1,0
450,0.14690000000000003,24.0,77,1,3,1,0,1,1,0
451,0.14500000000000002,-5.0,81,1,4,3,0,1,1,0
452,0.1431,-338.0,385,1,15,1,0,1,1,0
453,0.1412,53.0,57,1,3,0,0,1,1,0
454,0.13929999999999998,10.0,99,1,1,1,0,1,1,0
455,0.13739999999999997,34.0,72,1,4,0,0,1,1,0
456,0.13550000000000006,-27.0,124,1,1,2,0,1,1,0
457,0.13360000000000005,-106.0,143,1,16,2,0,1,1,0
458,0.13170000000000004,-2.0,100,1,6,0,0,1,1,0
459,0.12980000000000003,30.0,76,1,4,0,0,1,1,0
460,0.1279,14.0,87,1,3,1,0,1,1,0
461,0.126,59.0,51,1,3,0,0,1,1,0
462,0.12409999999999999,53.0,60,1,0,1,0,1,1,0
463,0.12219999999999998,0.0,79,1,7,1,0,1,1,0
464,0.12029999999999996,-5.0,99,1,7,0,0,1,1,0
465,0.11839999999999995,-1.0,103,1,5,0,0,1,1,0
466,0.11650000000000005,-30.0,96,1,14,0,0,1,1,0
467,0.11460000000000004,45.0,57,1,5,0,0,1,1,0
468,0.11270000000000002,65.0,53,1,1,0,0,1,1,0
469,0.11080000000000001,-1.0,111,1,3,0,0,1,1,0
470,0.10890000000000011,65.0,53,1,1,0,0,1,1,0
471,0.1070000000000001,-77.0,139,1,15,0,0,1,1,0
472,0.10510000000000008,38.0,63,1,3,1,0,1,1,0
473,0.10320000000000007,40.0,69,1,1,1,0,1,1,0
474,0.10130000000000006,41.0,74,1,1,0,0,1,1,0
475,0.09940000000000004,-90.0,139,1,7,5,0,1,1,0
476,0.09750000000000003,28.0,83,1,2,0,0,1,1,0
477,0.09560000000000013,63.0,55,1,1,0,0,1,1,0
478,0.09370000000000012,34.0,62,1,2,2,0,1,1,0
479,0.0918000000000001,-123.0,139,1,13,6,0,1,1,0
480,0.08990000000000009,-5.0,102,1,4,1,0,1,1,0
481,0.08800000000000008,64.0,50,1,2,0,0,1,1,0
482,0.08610000000000007,75.0,43,1,1,0,0,1,1,0
483,0.08420000000000005,64.0,58,1,0,0,0,1,1,0
484,0.08230000000000004,-298.0,393,1,6,0,0,1,1,0
485,0.08040000000000003,33.0,85,1,1,0,0,1,1,0
486,0.07850000000000001,44.0,65,1,1,1,0,1,1,0
487,0.07660000000000011,32.0,63,1,6,0,0,1,1,0
488,0.0747000000000001,-40.0,97,1,5,5,0,1,1,0
489,0.07280000000000009,3.0,70,1,10,1,0,1,1,0
490,0.07090000000000007,-96.0,189,1,5,1,0,1,1,0
491,0.06900000000000006,28.0,86,1,2,0,0,1,1,0
492,0.06710000000000005,57.0,58,1,1,0,0,1,1,0
493,0.06520000000000004,12.0,70,1,10,0,0,1,1,0
494,0.06330000000000002,52.0,54,1,4,0,0,1,1,0
495,0.06140000000000001,65.0,53,1,1,0,0,1,1,0
496,0.0595,50.0,56,1,4,0,0,1,1,0
497,0.057600000000000096,59.0,51,1,3,0,0,1,1,0
498,0.05570000000000008,17.0,72,1,6,1,0,1,1,0
499,0.05380000000000007,67.0,46,1,0,1,0,1,1,0
500,0.05190000000000006,37.0,73,1,3,0,0,1,1,0
501,0.050000000000000044,75.0,43,1,1,0,0,1,1,0
502,0.050000000000000044,-170.0,218,1,14,2,0,1,1,0
503,0.050000000000000044,18.0,64,1,10,0,0,1,1,0
504,0.050000000000000044,76.0,46,1,0,0,0,1,1,0
505,0.050000000000000044,63.0,47,1,3,0,0,1,1,0
506,0.050000000000000044,-111.0,174,1,8,3,0,1,1,0
507,0.050000000000000044,75.0,43,1,1,0,0,1,1,0
508,0.050000000000000044,60.0,62,1,0,0,0,1,1,0
509,0.050000000000000044,5.0,66,1,6,3,0,1,1,0
510,0.050000000000000044,44.0,57,1,3,1,0,1,1,0
511,0.050000000000000044,31.0,71,1,5,0,0,1,1,0
512,0.050000000000000044,71.0,47,1,1,0,0,1,1,0
513,0.050000000000000044,73.0,45,1,1,0,0,1,1,0
514,0.050000000000000044,48.0,63,1,2,0,0,1,1,0
515,0.050000000000000044,36.0,75,1,2,0,0,1,1,0
516,0.050000000000000044,45.0,65,1,3,0,0,1,1,0
517,0.050000000000000044,-5.0,89,1,2,3,0,1,1,0
518,0.050000000000000044,51.0,59,1,3,0,0,1,1,0
519,0.050000000000000044,58.0,56,1,2,0,0,1,1,0
520,0.050000000000000044,77.0,41,1,1,0,0,1,1,0
521,0.050000000000000044,28.0,78,1,4,0,0,1,1,0
522,0.050000000000000044,64.0,45,1,1,1,0,1,1,0
523,0.050000000000000044,56.0,58,1,2,0,0,1,1,0
524,0.050000000000000044,52.0,67,1,0,0,0,1,1,0
525,0.050000000000000044,41.0,69,1,3,0,0,1,1,0
526,0.050000000000000044,-144.0,231,1,8,0,0,1,1,0
527,0.050000000000000044,65.0,48,1,0,1,0,1,1,0
528,0.050000000000000044,77.0,41,1,1,0,0,1,1,0
529,0.050000000000000044,58.0,51,1,1,1,0,1,1,0
530,0.050000000000000044,27.0,78,1,2,1,0,1,1,0
531,0.050000000000000044,47.0,63,1,3,0,0,1,1,0
532,0.050000000000000044,-37.0,84,1,12,3,0,1,1,0
533,0.050000000000000044,43.0,62,1,2,1,0,1,1,0
534,0.050000000000000044,63.0,55,1,1,0,0,1,1,0
535,0.050000000000000044,-64.0,154,1,5,1,0,1,1,0
536,0.050000000000000044,10.0,78,1,4,2,0,1,1,0
537,0.050000000000000044,80.0,42,1,0,0,0,1,1,0
538,0.050000000000000044,41.0,69,1,0,1,0,1,1,0
539,0.050000000000000044,-68.0,156,1,4,2,0,1,1,0
540,0.050000000000000044,39.0,63,1,5,0,0,1,1,0
541,0.050000000000000044,23.0,79,1,2,1,0,1,1,0
542,0.050000000000000044,60.0,54,1,2,0,0,1,1,0
543,0.050000000000000044,41.0,64,1,2,1,0,1,1,0
544,0.050000000000000044,54.0,60,1,2,0,0,1,1,0
545,0.050000000000000044,-25.0,112,1,2,3,0,1,1,0
546,0.050000000000000044,72.0,50,1,0,0,0,1,1,0
547,0.050000000000000044,74.0,48,1,0,0,0,1,1,0
548,0.050000000000000044,38.0,68,1,4,0,0,1,1,0
549,0.050000000000000044,73.0,45,1,1,0,0,1,1,0
550,0.050000000000000044,64.0,50,1,2,0,0,1,1,0
551,0.050000000000000044,71.0,47,1,1,0,0,1,1,0
552,0.050000000000000044,75.0,43,1,1,0,0,1,1,0
553,0.050000000000000044,48.0,71,1,0,0,0,1,1,0
554,0.050000000000000044,36.0,73,1,1,1,0,1,1,0
555,0.050000000000000044,51.0,56,1,3,0,0,1,1,0
556,0.050000000000000044,63.0,52,1,1,0,0,1,1,0
557,0.050000000000000044,61.0,54,1,1,0,0,1,1,0
558,0.050000000000000044,69.0,49,1,1,0,0,1,1,0
559,0.050000000000000044,54.0,52,1,4,0,0,1,1,0
560,0.050000000000000044,71.0,47,1,1,0,0,1,1,0
561,0.050000000000000044,61.0,54,1,1,0,0,1,1,0
562,0.050000000000000044,74.0,48,1,0,0,0,1,1,0
563,0.050000000000000044,73.0,45,1,1,0,0,1,1,0
564,0.050000000000000044,60.0,49,1,1,1,0,1,1,0
565,0.050000000000000044,80.0,42,1,0,0,0,1,1,0
566,0.050000000000000044,54.0,60,1,2,0,0,1,1,0
567,0.050000000000000044,69.0,49,1,1,0,0,1,1,0
568,0.050000000000000044,44.0,59,1,4,0,0,1,1,0
569,0.050000000000000044,59.0,59,1,1,0,0,1,1,0
570,0.050000000000000044,74.0,48,1,0,0,0,1,1,0
571,0.050000000000000044,36.0,70,1,4,0,0,1,1,0
572,0.050000000000000044,28.0,78,1,1,1,0,1,1,0
573,0.050000000000000044,71.0,47,1,1,0,0,1,1,0
574,0.050000000000000044,49.0,53,1,5,0,0,1,1,0
575,0.050000000000000044,70.0,44,1,2,0,0,1,1,0
576,0.050000000000000044,33.0,61,1,7,0,0,1,1,0
577,0.050000000000000044,36.0,67,1,4,0,0,1,1,0
578,0.050000000000000044,42.0,53,1,6,0,0,1,1,0
579,0.050000000000000044,64.0,55,1,0,0,0,1,1,0
580,0.050000000000000044,54.0,57,1,2,0,0,1,1,0
581,0.050000000000000044,53.0,65,1,1,0,0,1,1,0
582,0.050000000000000044,22.0,79,1,3,1,0,1,1,0
583,0.050000000000000044,-33.0,80,1,12,3,0,1,1,0
584,0.050000000000000044,63.0,55,1,1,0,0,1,1,0
585,0.050000000000000044,35.0,67,1,5,0,0,1,1,0
586,0.050000000000000044,44.0,65,1,1,1,0,1,1,0
587,0.050000000000000044,67.0,51,1,1,0,0,1,1,0
588,0.050000000000000044,41.0,64,1,2,1,0,1,1,0
589,0.050000000000000044,58.0,51,1,1,1,0,1,1,0
590,0.050000000000000044,-27.0,87,1,11,2,0,1,1,0
591,0.050000000000000044,62.0,52,1,2,0,0,1,1,0
592,0.050000000000000044,44.0,65,1,1,1,0,1,1,0
593,0.050000000000000044,78.0,44,1,0,0,0,1,1,0
594,0.050000000000000044,30.0,71,1,3,1,0,1,1,0
595,0.050000000000000044,58.0,56,1,2,0,0,1,1,0
596,0.050000000000000044,52.0,51,1,4,0,0,1,1,0
597,0.050000000000000044,-87.0,140,1,6,5,0,1,1,0
598,0.050000000000000044,52.0,54,1,4,0,0,1,1,0
599,0.050000000000000044,-59.0,111,1,13,2,0,1,1,0
600,0.050000000000000044,58.0,56,1,2,0,0,1,1,0
